CREATE DATABASE  IF NOT EXISTS `cutlistgenerator` /*!40100 DEFAULT CHARACTER SET utf8 */;
USE `cutlistgenerator`;
-- MySQL dump 10.13  Distrib 8.0.26, for Win64 (x86_64)
--
-- Host: 192.168.2.254    Database: cutlistgenerator
-- ------------------------------------------------------
-- Server version	5.7.32-log

/*!40101 SET @OLD_CHARACTER_SET_CLIENT=@@CHARACTER_SET_CLIENT */;
/*!40101 SET @OLD_CHARACTER_SET_RESULTS=@@CHARACTER_SET_RESULTS */;
/*!40101 SET @OLD_COLLATION_CONNECTION=@@COLLATION_CONNECTION */;
/*!50503 SET NAMES utf8 */;
/*!40103 SET @OLD_TIME_ZONE=@@TIME_ZONE */;
/*!40103 SET TIME_ZONE='+00:00' */;
/*!40014 SET @OLD_UNIQUE_CHECKS=@@UNIQUE_CHECKS, UNIQUE_CHECKS=0 */;
/*!40014 SET @OLD_FOREIGN_KEY_CHECKS=@@FOREIGN_KEY_CHECKS, FOREIGN_KEY_CHECKS=0 */;
/*!40101 SET @OLD_SQL_MODE=@@SQL_MODE, SQL_MODE='NO_AUTO_VALUE_ON_ZERO' */;
/*!40111 SET @OLD_SQL_NOTES=@@SQL_NOTES, SQL_NOTES=0 */;

--
-- Table structure for table `cut_job`
--

DROP TABLE IF EXISTS `cut_job`;
/*!40101 SET @saved_cs_client     = @@character_set_client */;
/*!50503 SET character_set_client = utf8mb4 */;
CREATE TABLE `cut_job` (
  `id` int(11) NOT NULL AUTO_INCREMENT,
  `product_id` int(11) NOT NULL,
  `related_sales_order_item_id` int(11) DEFAULT NULL,
  `assigned_wire_cutter_id` int(11) NOT NULL,
  `quantity_cut` decimal(28,9) DEFAULT NULL,
  `date_cut_start` datetime(6) DEFAULT NULL,
  `date_cut_end` datetime(6) DEFAULT NULL,
  `date_termination_start` datetime(6) DEFAULT NULL,
  `date_termination_end` datetime(6) DEFAULT NULL,
  `date_splice_start` datetime(6) DEFAULT NULL,
  `date_splice_end` datetime(6) DEFAULT NULL,
  `is_cut` bit(1) NOT NULL DEFAULT b'0',
  `is_spliced` bit(1) NOT NULL DEFAULT b'0',
  `is_terminated` bit(1) NOT NULL DEFAULT b'0',
  `is_ready_for_build` bit(1) NOT NULL DEFAULT b'0',
  `date_created` datetime(6) NOT NULL,
  PRIMARY KEY (`id`),
  KEY `FK_feiugebuihadfjhflfbakuhff_idx` (`related_sales_order_item_id`),
  KEY `FK_herakjhgjhwerjdfvkjejhfg_idx` (`product_id`),
  KEY `FK_giokjgbkhfkjjhwekjhfkuir_idx` (`assigned_wire_cutter_id`),
  KEY `IDX_giwkjgkeknfbgidkjg` (`is_cut`,`is_spliced`,`is_terminated`,`is_ready_for_build`),
  CONSTRAINT `FK_feiugebuihadfjhflfbakuhff` FOREIGN KEY (`related_sales_order_item_id`) REFERENCES `sales_order_item` (`id`) ON DELETE NO ACTION ON UPDATE NO ACTION,
  CONSTRAINT `FK_giokjgbkhfkjjhwekjhfkuir` FOREIGN KEY (`assigned_wire_cutter_id`) REFERENCES `wire_cutter` (`id`) ON DELETE NO ACTION ON UPDATE NO ACTION,
  CONSTRAINT `FK_herakjhgjhwerjdfvkjejhfg` FOREIGN KEY (`product_id`) REFERENCES `product` (`id`) ON DELETE NO ACTION ON UPDATE NO ACTION
) ENGINE=InnoDB AUTO_INCREMENT=448 DEFAULT CHARSET=utf8;
/*!40101 SET character_set_client = @saved_cs_client */;

--
-- Dumping data for table `cut_job`
--

LOCK TABLES `cut_job` WRITE;
/*!40000 ALTER TABLE `cut_job` DISABLE KEYS */;
INSERT INTO `cut_job` VALUES (1,3,819,1,55.000000000,'2021-08-23 06:04:01.000000','2021-08-23 06:04:01.000000','2021-08-23 06:04:01.000000','2021-08-23 06:04:01.000000','2021-08-23 06:04:01.000000','2021-08-23 06:04:01.000000',_binary '',_binary '',_binary '',_binary '','2021-08-23 06:04:54.667144'),(2,3,822,1,80.000000000,'2021-08-23 06:05:22.000000','2021-08-23 06:05:22.000000','2021-08-23 06:05:22.000000','2021-08-23 06:05:22.000000','2021-08-23 06:05:22.000000','2021-08-23 06:05:22.000000',_binary '',_binary '',_binary '',_binary '','2021-08-23 06:05:32.908971'),(3,1,820,1,105.000000000,'2021-08-23 06:05:41.000000','2021-08-23 06:05:41.000000','2021-08-23 06:05:41.000000','2021-08-23 06:05:41.000000','2021-08-23 06:05:41.000000','2021-08-23 06:05:41.000000',_binary '',_binary '',_binary '',_binary '','2021-08-23 06:05:55.195244'),(4,2,821,1,8.000000000,'2021-08-23 06:06:00.000000','2021-08-23 06:06:00.000000','2021-08-23 06:06:00.000000','2021-08-23 06:06:00.000000','2021-08-23 06:06:00.000000','2021-08-23 06:06:00.000000',_binary '',_binary '',_binary '',_binary '','2021-08-23 06:06:08.059903'),(5,3,3,1,100.000000000,'2021-08-23 06:06:22.000000','2021-08-23 06:06:22.000000','2021-08-23 06:06:22.000000','2021-08-23 06:06:22.000000','2021-08-23 06:06:22.000000','2021-08-23 06:06:22.000000',_binary '',_binary '',_binary '',_binary '','2021-08-23 06:06:33.841859'),(6,1,1,1,120.000000000,'2021-08-23 06:06:37.000000','2021-08-23 06:06:37.000000','2021-08-23 06:06:37.000000','2021-08-23 06:06:37.000000','2021-08-23 06:06:37.000000','2021-08-23 06:06:37.000000',_binary '',_binary '',_binary '',_binary '','2021-08-23 06:06:51.945875'),(7,2,2,1,60.000000000,'2021-08-23 06:07:06.000000','2021-08-23 06:07:06.000000','2021-08-23 06:07:06.000000','2021-08-23 06:07:06.000000','2021-08-23 06:07:06.000000','2021-08-23 06:07:06.000000',_binary '',_binary '',_binary '',_binary '','2021-08-23 06:07:17.053006'),(8,1,4,1,120.000000000,'2021-08-23 06:07:28.000000','2021-08-23 06:07:28.000000','2021-08-23 06:07:28.000000','2021-08-23 06:07:28.000000','2021-08-23 06:07:28.000000','2021-08-23 06:07:28.000000',_binary '',_binary '',_binary '',_binary '','2021-08-23 06:07:39.930069'),(9,8,9,1,50.000000000,'2021-08-23 06:08:15.000000','2021-08-23 06:08:15.000000','2021-08-23 06:08:15.000000','2021-08-23 06:08:15.000000','2021-08-23 06:08:15.000000','2021-08-23 06:08:15.000000',_binary '',_binary '',_binary '',_binary '','2021-08-23 06:08:26.848922'),(10,7,8,1,100.000000000,'2021-08-23 06:08:30.000000','2021-08-23 06:08:30.000000','2021-08-23 06:08:30.000000','2021-08-23 06:08:30.000000','2021-08-23 06:08:30.000000','2021-08-23 06:08:30.000000',_binary '',_binary '',_binary '',_binary '','2021-08-23 06:08:43.126883'),(11,6,7,1,100.000000000,'2021-08-23 06:08:46.000000','2021-08-23 06:08:46.000000','2021-08-23 06:08:46.000000','2021-08-23 06:08:46.000000','2021-08-23 06:08:46.000000','2021-08-23 06:08:46.000000',_binary '',_binary '',_binary '',_binary '','2021-08-23 06:08:55.560615'),(12,5,6,1,100.000000000,'2021-08-23 06:08:57.000000','2021-08-23 06:08:57.000000','2021-08-23 06:08:57.000000','2021-08-23 06:08:57.000000','2021-08-23 06:08:57.000000','2021-08-23 06:08:57.000000',_binary '',_binary '',_binary '',_binary '','2021-08-23 06:09:08.053083'),(13,8,823,1,82.000000000,'2021-08-23 06:09:26.000000','2021-08-23 06:09:26.000000','2021-08-23 06:09:26.000000','2021-08-23 06:09:26.000000','2021-08-23 06:09:26.000000','2021-08-23 06:09:26.000000',_binary '',_binary '',_binary '',_binary '','2021-08-23 06:09:36.242636'),(14,188,824,1,7.000000000,'2021-08-23 06:10:07.000000','2021-08-23 06:10:07.000000','2021-08-23 06:10:07.000000','2021-08-23 06:10:07.000000','2021-08-23 06:10:07.000000','2021-08-23 06:10:07.000000',_binary '',_binary '',_binary '',_binary '','2021-08-23 06:10:16.280818'),(15,9,10,1,30.000000000,'2021-08-23 06:11:08.000000','2021-08-23 06:11:08.000000','2021-08-23 06:11:08.000000','2021-08-23 06:11:08.000000','2021-08-23 06:11:08.000000','2021-08-23 06:11:08.000000',_binary '',_binary '',_binary '',_binary '','2021-08-23 06:11:17.215437'),(16,10,11,1,30.000000000,'2021-08-23 06:11:27.000000','2021-08-23 06:11:27.000000','2021-08-23 06:11:27.000000','2021-08-23 06:11:27.000000','2021-08-23 06:11:27.000000','2021-08-23 06:11:27.000000',_binary '',_binary '',_binary '',_binary '','2021-08-23 06:11:46.416793'),(17,20,825,1,18.000000000,'2021-08-23 06:12:15.000000','2021-08-23 06:12:15.000000','2021-08-23 06:12:15.000000','2021-08-23 06:12:15.000000','2021-08-23 06:12:15.000000','2021-08-23 06:12:15.000000',_binary '',_binary '',_binary '',_binary '','2021-08-23 06:12:23.528205'),(18,17,17,1,1.000000000,'2021-08-23 06:12:49.000000','2021-08-23 06:12:49.000000','2021-08-23 06:12:49.000000','2021-08-23 06:12:49.000000','2021-08-23 06:12:49.000000','2021-08-23 06:12:49.000000',_binary '',_binary '',_binary '',_binary '','2021-08-23 06:12:57.000165'),(19,13,19,1,1.000000000,'2021-08-23 06:13:01.000000','2021-08-23 06:13:01.000000','2021-08-23 06:13:01.000000','2021-08-23 06:13:01.000000','2021-08-23 06:13:01.000000','2021-08-23 06:13:01.000000',_binary '',_binary '',_binary '',_binary '','2021-08-23 06:13:11.742104'),(20,13,13,1,1.000000000,'2021-08-23 06:13:15.000000','2021-08-23 06:13:15.000000','2021-08-23 06:13:15.000000','2021-08-23 06:13:15.000000','2021-08-23 06:13:15.000000','2021-08-23 06:13:15.000000',_binary '',_binary '',_binary '',_binary '','2021-08-23 06:13:24.158527'),(21,14,14,1,1.000000000,'2021-08-23 06:13:27.000000','2021-08-23 06:13:27.000000','2021-08-23 06:13:27.000000','2021-08-23 06:13:27.000000','2021-08-23 06:13:27.000000','2021-08-23 06:13:27.000000',_binary '',_binary '',_binary '',_binary '','2021-08-23 06:13:36.765631'),(22,15,15,1,1.000000000,'2021-08-23 06:13:43.000000','2021-08-23 06:13:43.000000','2021-08-23 06:13:43.000000','2021-08-23 06:13:43.000000','2021-08-23 06:13:43.000000','2021-08-23 06:13:43.000000',_binary '',_binary '',_binary '',_binary '','2021-08-23 06:13:52.210979'),(23,16,16,1,1.000000000,'2021-08-23 06:14:08.000000','2021-08-23 06:14:08.000000','2021-08-23 06:14:08.000000','2021-08-23 06:14:08.000000','2021-08-23 06:14:08.000000','2021-08-23 06:14:08.000000',_binary '',_binary '',_binary '',_binary '','2021-08-23 06:14:14.720252'),(24,12,12,1,1.000000000,'2021-08-23 06:14:17.000000','2021-08-23 06:14:17.000000','2021-08-23 06:14:17.000000','2021-08-23 06:14:17.000000','2021-08-23 06:14:17.000000','2021-08-23 06:14:17.000000',_binary '',_binary '',_binary '',_binary '','2021-08-23 06:14:25.669741'),(25,14,20,1,1.000000000,'2021-08-23 06:14:39.000000','2021-08-23 06:14:39.000000','2021-08-23 06:14:39.000000','2021-08-23 06:14:39.000000','2021-08-23 06:14:39.000000','2021-08-23 06:14:39.000000',_binary '',_binary '',_binary '',_binary '','2021-08-23 06:14:46.609268'),(26,15,21,1,1.000000000,'2021-08-23 06:14:49.000000','2021-08-23 06:14:49.000000','2021-08-23 06:14:49.000000','2021-08-23 06:14:49.000000','2021-08-23 06:14:49.000000','2021-08-23 06:14:49.000000',_binary '',_binary '',_binary '',_binary '','2021-08-23 06:14:57.167925'),(27,16,22,1,1.000000000,'2021-08-23 06:15:01.000000','2021-08-23 06:15:01.000000','2021-08-23 06:15:01.000000','2021-08-23 06:15:01.000000','2021-08-23 06:15:01.000000','2021-08-23 06:15:01.000000',_binary '',_binary '',_binary '',_binary '','2021-08-23 06:15:09.728950'),(28,19,18,1,1.000000000,'2021-08-23 06:15:13.000000','2021-08-23 06:15:13.000000','2021-08-23 06:15:13.000000','2021-08-23 06:15:13.000000','2021-08-23 06:15:13.000000','2021-08-23 06:15:13.000000',_binary '',_binary '',_binary '',_binary '','2021-08-23 06:15:20.397513'),(29,20,23,1,113.000000000,'2021-08-23 06:15:42.000000','2021-08-23 06:15:42.000000','2021-08-23 06:15:42.000000','2021-08-23 06:15:42.000000','2021-08-23 06:15:42.000000','2021-08-23 06:15:42.000000',_binary '',_binary '',_binary '',_binary '','2021-08-23 06:15:52.905432'),(30,26,28,1,5.000000000,'2021-08-23 06:16:20.000000','2021-08-23 06:16:20.000000','2021-08-23 06:16:20.000000','2021-08-23 06:16:20.000000','2021-08-23 06:16:20.000000','2021-08-23 06:16:20.000000',_binary '',_binary '',_binary '',_binary '','2021-08-23 06:16:28.041027'),(31,25,27,1,1.000000000,'2021-08-23 06:16:33.000000','2021-08-23 06:16:33.000000','2021-08-23 06:16:33.000000','2021-08-23 06:16:33.000000','2021-08-23 06:16:33.000000','2021-08-23 06:16:33.000000',_binary '',_binary '',_binary '',_binary '','2021-08-23 06:16:40.358710'),(32,26,33,1,5.000000000,'2021-08-23 06:16:56.000000','2021-08-23 06:16:56.000000','2021-08-23 06:16:56.000000','2021-08-23 06:16:56.000000','2021-08-23 06:16:56.000000','2021-08-23 06:16:56.000000',_binary '',_binary '',_binary '',_binary '','2021-08-23 06:17:03.759164'),(33,25,32,1,11.000000000,'2021-08-23 06:17:06.000000','2021-08-23 06:17:06.000000','2021-08-23 06:17:06.000000','2021-08-23 06:17:06.000000','2021-08-23 06:17:06.000000','2021-08-23 06:17:06.000000',_binary '',_binary '',_binary '',_binary '','2021-08-23 06:17:15.832658'),(34,26,36,1,5.000000000,'2021-08-23 06:17:42.000000','2021-08-23 06:17:42.000000','2021-08-23 06:17:42.000000','2021-08-23 06:17:42.000000','2021-08-23 06:17:42.000000','2021-08-23 06:17:42.000000',_binary '',_binary '',_binary '',_binary '','2021-08-23 06:17:49.391727'),(35,25,35,1,11.000000000,'2021-08-23 06:17:53.000000','2021-08-23 06:17:53.000000','2021-08-23 06:17:53.000000','2021-08-23 06:17:53.000000','2021-08-23 06:17:53.000000','2021-08-23 06:17:53.000000',_binary '',_binary '',_binary '',_binary '','2021-08-23 06:18:01.154294'),(36,28,38,2,8.000000000,'2021-08-23 06:18:25.000000','2021-08-23 06:18:25.000000','2021-08-23 06:18:25.000000','2021-08-23 06:19:04.000000','2021-08-23 06:18:25.000000','2021-08-23 06:18:25.000000',_binary '',_binary '',_binary '',_binary '','2021-08-23 06:18:53.419444'),(37,28,39,2,8.000000000,'2021-08-23 06:19:30.000000','2021-08-23 06:19:30.000000','2021-08-23 06:19:30.000000','2021-08-23 06:19:30.000000','2021-08-23 06:19:30.000000','2021-08-23 06:19:30.000000',_binary '',_binary '',_binary '',_binary '','2021-08-23 06:19:41.052040'),(38,32,42,1,1.000000000,'2021-08-23 06:21:31.000000','2021-08-23 06:21:31.000000','2021-08-23 06:21:31.000000','2021-08-23 06:21:31.000000','2021-08-23 06:21:31.000000','2021-08-23 06:21:31.000000',_binary '',_binary '',_binary '',_binary '','2021-08-23 06:21:40.603401'),(39,30,40,1,1.000000000,'2021-08-23 06:21:44.000000','2021-08-23 06:21:44.000000','2021-08-23 06:21:44.000000','2021-08-23 06:21:44.000000','2021-08-23 06:21:44.000000','2021-08-23 06:21:44.000000',_binary '',_binary '',_binary '',_binary '','2021-08-23 06:21:50.501163'),(40,31,41,1,1.000000000,'2021-08-23 06:21:54.000000','2021-08-23 06:21:54.000000','2021-08-23 06:21:54.000000','2021-08-23 06:21:54.000000','2021-08-23 06:21:54.000000','2021-08-23 06:21:54.000000',_binary '',_binary '',_binary '',_binary '','2021-08-23 06:22:06.539498'),(41,74,827,1,2.000000000,'2021-08-23 06:22:31.000000','2021-08-23 06:22:31.000000','2021-08-23 06:22:31.000000','2021-08-23 06:22:31.000000','2021-08-23 06:22:31.000000','2021-08-23 06:22:31.000000',_binary '',_binary '',_binary '',_binary '','2021-08-23 06:22:38.940581'),(42,65,828,1,5.000000000,'2021-08-23 06:22:57.000000','2021-08-23 06:22:57.000000','2021-08-23 06:22:57.000000','2021-08-23 06:22:57.000000','2021-08-23 06:22:57.000000','2021-08-23 06:22:57.000000',_binary '',_binary '',_binary '',_binary '','2021-08-23 06:23:07.380165'),(43,34,45,2,50.000000000,'2021-08-23 06:23:28.000000','2021-08-23 06:23:28.000000','2021-08-23 06:23:28.000000','2021-08-23 06:23:28.000000','2021-08-23 06:23:28.000000','2021-08-23 06:23:28.000000',_binary '',_binary '',_binary '',_binary '','2021-08-23 06:23:42.274067'),(44,35,46,2,50.000000000,'2021-08-23 06:23:45.000000','2021-08-23 06:23:45.000000','2021-08-23 06:23:45.000000','2021-08-23 06:23:45.000000','2021-08-23 06:23:45.000000','2021-08-23 06:23:45.000000',_binary '',_binary '',_binary '',_binary '','2021-08-23 06:23:53.067490'),(45,42,55,2,1.000000000,'2021-08-23 06:24:33.000000','2021-08-23 06:24:33.000000','2021-08-23 06:24:33.000000','2021-08-23 06:24:33.000000','2021-08-23 06:24:33.000000','2021-08-23 06:24:33.000000',_binary '',_binary '',_binary '',_binary '','2021-08-23 06:24:44.649917'),(46,32,56,1,1.000000000,'2021-08-23 06:26:25.000000','2021-08-23 06:26:25.000000','2021-08-23 06:26:25.000000','2021-08-23 06:26:25.000000','2021-08-23 06:26:25.000000','2021-08-23 06:26:25.000000',_binary '',_binary '',_binary '',_binary '','2021-08-23 06:26:31.621637'),(47,32,53,1,1.000000000,'2021-08-23 06:26:34.000000','2021-08-23 06:26:34.000000','2021-08-23 06:26:34.000000','2021-08-23 06:26:34.000000','2021-08-23 06:26:34.000000','2021-08-23 06:26:34.000000',_binary '',_binary '',_binary '',_binary '','2021-08-23 06:26:40.517572'),(48,30,51,1,1.000000000,'2021-08-23 06:26:42.000000','2021-08-23 06:26:42.000000','2021-08-23 06:26:42.000000','2021-08-23 06:26:42.000000','2021-08-23 06:26:42.000000','2021-08-23 06:26:42.000000',_binary '',_binary '',_binary '',_binary '','2021-08-23 06:26:51.877499'),(49,30,54,1,1.000000000,'2021-08-23 06:26:55.000000','2021-08-23 06:26:55.000000','2021-08-23 06:26:55.000000','2021-08-23 06:26:55.000000','2021-08-23 06:26:55.000000','2021-08-23 06:26:55.000000',_binary '',_binary '',_binary '',_binary '','2021-08-23 06:27:02.933440'),(50,31,52,1,1.000000000,'2021-08-23 06:27:05.000000','2021-08-23 06:27:05.000000','2021-08-23 06:27:05.000000','2021-08-23 06:27:05.000000','2021-08-23 06:27:05.000000','2021-08-23 06:27:05.000000',_binary '',_binary '',_binary '',_binary '','2021-08-23 06:27:11.417491'),(51,44,61,1,1.000000000,'2021-08-23 06:28:14.000000','2021-08-23 06:28:14.000000','2021-08-23 06:28:14.000000','2021-08-23 06:28:14.000000','2021-08-23 06:28:14.000000','2021-08-23 06:28:14.000000',_binary '',_binary '',_binary '',_binary '','2021-08-23 06:28:20.332969'),(52,30,59,1,1.000000000,'2021-08-23 06:28:23.000000','2021-08-23 06:28:23.000000','2021-08-23 06:28:23.000000','2021-08-23 06:28:23.000000','2021-08-23 06:28:23.000000','2021-08-23 06:28:23.000000',_binary '',_binary '',_binary '',_binary '','2021-08-23 06:28:29.553767'),(53,31,60,1,1.000000000,'2021-08-23 06:28:31.000000','2021-08-23 06:28:31.000000','2021-08-23 06:28:31.000000','2021-08-23 06:28:31.000000','2021-08-23 06:28:31.000000','2021-08-23 06:28:31.000000',_binary '',_binary '',_binary '',_binary '','2021-08-23 06:28:38.169620'),(54,42,69,1,1.000000000,'2021-08-23 06:29:17.000000','2021-08-23 06:29:17.000000','2021-08-23 06:29:17.000000','2021-08-23 06:29:17.000000','2021-08-23 06:29:17.000000','2021-08-23 06:29:17.000000',_binary '',_binary '',_binary '',_binary '','2021-08-23 06:29:26.405206'),(55,32,70,2,1.000000000,'2021-08-23 06:29:29.000000','2021-08-23 06:29:29.000000','2021-08-23 06:29:29.000000','2021-08-23 06:29:29.000000','2021-08-23 06:29:29.000000','2021-08-23 06:29:29.000000',_binary '',_binary '',_binary '',_binary '','2021-08-23 06:29:36.705149'),(56,32,67,2,1.000000000,'2021-08-23 06:29:39.000000','2021-08-23 06:29:39.000000','2021-08-23 06:29:39.000000','2021-08-23 06:29:39.000000','2021-08-23 06:29:39.000000','2021-08-23 06:29:39.000000',_binary '',_binary '',_binary '',_binary '','2021-08-23 06:29:46.313388'),(57,30,65,2,1.000000000,'2021-08-23 06:29:49.000000','2021-08-23 06:29:49.000000','2021-08-23 06:29:49.000000','2021-08-23 06:29:49.000000','2021-08-23 06:29:49.000000','2021-08-23 06:29:49.000000',_binary '',_binary '',_binary '',_binary '','2021-08-23 06:30:00.892622'),(58,30,68,2,1.000000000,'2021-08-23 06:30:03.000000','2021-08-23 06:30:03.000000','2021-08-23 06:30:03.000000','2021-08-23 06:30:03.000000','2021-08-23 06:30:03.000000','2021-08-23 06:30:03.000000',_binary '',_binary '',_binary '',_binary '','2021-08-23 06:30:12.243552'),(59,31,66,2,1.000000000,'2021-08-23 06:30:15.000000','2021-08-23 06:30:15.000000','2021-08-23 06:30:15.000000','2021-08-23 06:30:15.000000','2021-08-23 06:30:15.000000','2021-08-23 06:30:15.000000',_binary '',_binary '',_binary '',_binary '','2021-08-23 06:30:22.400957'),(60,46,73,2,1.000000000,'2021-08-23 06:30:44.000000','2021-08-23 06:30:44.000000','2021-08-23 06:30:44.000000','2021-08-23 06:30:44.000000','2021-08-23 06:30:44.000000','2021-08-23 06:30:44.000000',_binary '',_binary '',_binary '',_binary '','2021-08-23 06:30:53.194764'),(61,32,77,2,1.000000000,'2021-08-23 06:31:28.000000','2021-08-23 06:31:28.000000','2021-08-23 06:31:28.000000','2021-08-23 06:31:28.000000','2021-08-23 06:31:28.000000','2021-08-23 06:31:28.000000',_binary '',_binary '',_binary '',_binary '','2021-08-23 06:31:35.480138'),(62,32,77,2,1.000000000,'2021-08-23 06:32:27.000000','2021-08-23 06:32:27.000000','2021-08-23 06:32:27.000000','2021-08-23 06:32:27.000000','2021-08-23 06:32:27.000000','2021-08-23 06:32:27.000000',_binary '',_binary '',_binary '',_binary '','2021-08-23 06:32:33.050961'),(63,30,75,2,2.000000000,'2021-08-23 06:32:39.000000','2021-08-23 06:32:39.000000','2021-08-23 06:32:39.000000','2021-08-23 06:32:39.000000','2021-08-23 06:32:39.000000','2021-08-23 06:32:39.000000',_binary '',_binary '',_binary '',_binary '','2021-08-23 06:32:47.251814'),(64,31,76,2,2.000000000,'2021-08-23 06:32:49.000000','2021-08-23 06:32:49.000000','2021-08-23 06:32:49.000000','2021-08-23 06:32:49.000000','2021-08-23 06:32:49.000000','2021-08-23 06:32:49.000000',_binary '',_binary '',_binary '',_binary '','2021-08-23 06:32:56.247681'),(65,32,80,1,1.000000000,'2021-08-23 06:58:17.000000','2021-08-23 06:58:17.000000','2021-08-23 06:58:17.000000','2021-08-23 06:58:17.000000','2021-08-23 06:58:17.000000','2021-08-23 06:58:17.000000',_binary '',_binary '',_binary '',_binary '','2021-08-23 06:58:25.173258'),(66,30,78,1,1.000000000,'2021-08-23 06:58:31.000000','2021-08-23 06:58:31.000000','2021-08-23 06:58:31.000000','2021-08-23 06:58:31.000000','2021-08-23 06:58:31.000000','2021-08-23 06:58:31.000000',_binary '',_binary '',_binary '',_binary '','2021-08-23 06:58:39.447407'),(67,31,79,1,1.000000000,'2021-08-23 06:58:42.000000','2021-08-23 06:58:42.000000','2021-08-23 06:58:42.000000','2021-08-23 06:58:42.000000','2021-08-23 06:58:42.000000','2021-08-23 06:58:42.000000',_binary '',_binary '',_binary '',_binary '','2021-08-23 06:58:49.928939'),(68,42,85,1,1.000000000,'2021-08-23 06:59:06.000000','2021-08-23 06:59:06.000000','2021-08-23 06:59:06.000000','2021-08-23 06:59:06.000000','2021-08-23 06:59:06.000000','2021-08-23 06:59:06.000000',_binary '',_binary '',_binary '',_binary '','2021-08-23 06:59:14.466012'),(69,32,86,1,1.000000000,'2021-08-23 06:59:27.000000','2021-08-23 06:59:27.000000','2021-08-23 06:59:27.000000','2021-08-23 06:59:27.000000','2021-08-23 06:59:27.000000','2021-08-23 06:59:27.000000',_binary '',_binary '',_binary '',_binary '','2021-08-23 06:59:35.818967'),(70,32,83,2,1.000000000,'2021-08-23 06:59:38.000000','2021-08-23 06:59:38.000000','2021-08-23 06:59:38.000000','2021-08-23 06:59:38.000000','2021-08-23 06:59:38.000000','2021-08-23 06:59:38.000000',_binary '',_binary '',_binary '',_binary '','2021-08-23 06:59:45.558765'),(71,30,81,2,1.000000000,'2021-08-23 06:59:48.000000','2021-08-23 06:59:48.000000','2021-08-23 06:59:48.000000','2021-08-23 06:59:48.000000','2021-08-23 06:59:48.000000','2021-08-23 06:59:48.000000',_binary '',_binary '',_binary '',_binary '','2021-08-23 06:59:55.206307'),(72,30,84,2,1.000000000,'2021-08-23 06:59:58.000000','2021-08-23 06:59:58.000000','2021-08-23 06:59:58.000000','2021-08-23 06:59:58.000000','2021-08-23 06:59:58.000000','2021-08-23 06:59:58.000000',_binary '',_binary '',_binary '',_binary '','2021-08-23 07:00:05.232602'),(73,31,82,2,1.000000000,'2021-08-23 07:00:08.000000','2021-08-23 07:00:08.000000','2021-08-23 07:00:08.000000','2021-08-23 07:00:08.000000','2021-08-23 07:00:08.000000','2021-08-23 07:00:08.000000',_binary '',_binary '',_binary '',_binary '','2021-08-23 07:00:17.404824'),(74,32,89,2,1.000000000,'2021-08-23 07:01:09.000000','2021-08-23 07:01:09.000000','2021-08-23 07:01:09.000000','2021-08-23 07:01:09.000000','2021-08-23 07:01:09.000000','2021-08-23 07:01:09.000000',_binary '',_binary '',_binary '',_binary '','2021-08-23 07:01:14.899269'),(75,30,87,2,1.000000000,'2021-08-23 07:01:17.000000','2021-08-23 07:01:17.000000','2021-08-23 07:01:17.000000','2021-08-23 07:01:17.000000','2021-08-23 07:01:17.000000','2021-08-23 07:01:17.000000',_binary '',_binary '',_binary '',_binary '','2021-08-23 07:01:23.663883'),(76,31,88,2,1.000000000,'2021-08-23 07:01:25.000000','2021-08-23 07:01:25.000000','2021-08-23 07:01:25.000000','2021-08-23 07:01:25.000000','2021-08-23 07:01:25.000000','2021-08-23 07:01:25.000000',_binary '',_binary '',_binary '',_binary '','2021-08-23 07:01:31.068501'),(77,48,836,1,12.000000000,'2021-08-23 07:02:33.000000','2021-08-23 07:02:33.000000','2021-08-23 07:02:33.000000','2021-08-23 07:02:33.000000','2021-08-23 07:02:33.000000','2021-08-23 07:02:33.000000',_binary '',_binary '',_binary '',_binary '','2021-08-23 07:02:52.590898'),(78,48,834,2,13.000000000,'2021-08-23 07:03:30.000000','2021-08-23 07:03:30.000000','2021-08-23 07:03:30.000000','2021-08-23 07:03:30.000000','2021-08-23 07:03:30.000000','2021-08-23 07:03:30.000000',_binary '',_binary '',_binary '',_binary '','2021-08-23 07:03:40.104846'),(79,48,97,1,1.000000000,'2021-08-23 07:04:06.000000','2021-08-23 07:04:06.000000','2021-08-23 07:04:06.000000','2021-08-23 07:04:06.000000','2021-08-23 07:04:06.000000','2021-08-23 07:04:06.000000',_binary '',_binary '',_binary '',_binary '','2021-08-23 07:04:13.872251'),(80,48,93,1,1.000000000,'2021-08-23 07:04:17.000000','2021-08-23 07:04:17.000000','2021-08-23 07:04:17.000000','2021-08-23 07:04:17.000000','2021-08-23 07:04:17.000000','2021-08-23 07:04:17.000000',_binary '',_binary '',_binary '',_binary '','2021-08-23 07:04:24.331832'),(81,42,91,2,1.000000000,'2021-08-23 07:04:32.000000','2021-08-23 07:04:32.000000','2021-08-23 07:04:32.000000','2021-08-23 07:04:32.000000','2021-08-23 07:04:32.000000','2021-08-23 07:04:32.000000',_binary '',_binary '',_binary '',_binary '','2021-08-23 07:04:39.632811'),(82,32,92,2,1.000000000,'2021-08-23 07:04:46.000000','2021-08-23 07:04:46.000000','2021-08-23 07:04:46.000000','2021-08-23 07:04:46.000000','2021-08-23 07:04:46.000000','2021-08-23 07:04:46.000000',_binary '',_binary '',_binary '',_binary '','2021-08-23 07:04:52.539715'),(83,31,95,2,1.000000000,'2021-08-23 07:04:56.000000','2021-08-23 07:04:56.000000','2021-08-23 07:04:56.000000','2021-08-23 07:04:56.000000','2021-08-23 07:04:56.000000','2021-08-23 07:04:56.000000',_binary '',_binary '',_binary '',_binary '','2021-08-23 07:05:03.720319'),(84,30,94,2,1.000000000,'2021-08-23 07:05:06.000000','2021-08-23 07:05:06.000000','2021-08-23 07:05:06.000000','2021-08-23 07:05:06.000000','2021-08-23 07:05:06.000000','2021-08-23 07:05:06.000000',_binary '',_binary '',_binary '',_binary '','2021-08-23 07:05:14.338080'),(85,30,90,2,1.000000000,'2021-08-23 07:05:18.000000','2021-08-23 07:05:18.000000','2021-08-23 07:05:18.000000','2021-08-23 07:05:18.000000','2021-08-23 07:05:18.000000','2021-08-23 07:05:18.000000',_binary '',_binary '',_binary '',_binary '','2021-08-23 07:05:27.019581'),(86,32,96,2,1.000000000,'2021-08-23 07:05:32.000000','2021-08-23 07:05:32.000000','2021-08-23 07:05:32.000000','2021-08-23 07:05:32.000000','2021-08-23 07:05:32.000000','2021-08-23 07:05:32.000000',_binary '',_binary '',_binary '',_binary '','2021-08-23 07:05:38.361043'),(87,42,102,2,1.000000000,'2021-08-23 07:06:03.000000','2021-08-23 07:06:03.000000','2021-08-23 07:06:03.000000','2021-08-23 07:06:03.000000','2021-08-23 07:06:03.000000','2021-08-23 07:06:03.000000',_binary '',_binary '',_binary '',_binary '','2021-08-23 07:06:12.957878'),(88,31,107,2,1.000000000,'2021-08-23 07:06:20.000000','2021-08-23 07:06:20.000000','2021-08-23 07:06:20.000000','2021-08-23 07:06:20.000000','2021-08-23 07:06:20.000000','2021-08-23 07:06:20.000000',_binary '',_binary '',_binary '',_binary '','2021-08-23 07:06:26.033399'),(89,30,101,2,1.000000000,'2021-08-23 07:06:28.000000','2021-08-23 07:06:28.000000','2021-08-23 07:06:28.000000','2021-08-23 07:06:28.000000','2021-08-23 07:06:28.000000','2021-08-23 07:06:28.000000',_binary '',_binary '',_binary '',_binary '','2021-08-23 07:06:33.943650'),(90,30,106,1,1.000000000,'2021-08-23 07:06:37.000000','2021-08-23 07:06:37.000000','2021-08-23 07:06:37.000000','2021-08-23 07:06:37.000000','2021-08-23 07:06:37.000000','2021-08-23 07:06:37.000000',_binary '',_binary '',_binary '',_binary '','2021-08-23 07:06:45.234118'),(91,32,108,2,1.000000000,'2021-08-23 07:06:48.000000','2021-08-23 07:06:48.000000','2021-08-23 07:06:48.000000','2021-08-23 07:06:48.000000','2021-08-23 07:06:48.000000','2021-08-23 07:06:48.000000',_binary '',_binary '',_binary '',_binary '','2021-08-23 07:06:56.898231'),(92,32,103,1,1.000000000,'2021-08-23 07:07:00.000000','2021-08-23 07:07:00.000000','2021-08-23 07:07:00.000000','2021-08-23 07:07:00.000000','2021-08-23 07:07:00.000000','2021-08-23 07:07:00.000000',_binary '',_binary '',_binary '',_binary '','2021-08-23 07:07:07.963179'),(93,32,111,1,1.000000000,'2021-08-23 07:07:37.000000','2021-08-23 07:07:37.000000','2021-08-23 07:07:37.000000','2021-08-23 07:07:37.000000','2021-08-23 07:07:37.000000','2021-08-23 07:07:37.000000',_binary '',_binary '',_binary '',_binary '','2021-08-23 07:07:44.937563'),(94,31,110,2,1.000000000,'2021-08-23 07:07:48.000000','2021-08-23 07:07:48.000000','2021-08-23 07:07:48.000000','2021-08-23 07:07:48.000000','2021-08-23 07:07:48.000000','2021-08-23 07:07:48.000000',_binary '',_binary '',_binary '',_binary '','2021-08-23 07:07:54.911007'),(95,30,109,2,1.000000000,'2021-08-23 07:07:57.000000','2021-08-23 07:07:57.000000','2021-08-23 07:07:57.000000','2021-08-23 07:07:57.000000','2021-08-23 07:07:57.000000','2021-08-23 07:07:57.000000',_binary '',_binary '',_binary '',_binary '','2021-08-23 07:08:04.919378'),(96,31,117,1,1.000000000,'2021-08-23 07:08:17.000000','2021-08-23 07:08:17.000000','2021-08-23 07:08:17.000000','2021-08-23 07:08:17.000000','2021-08-23 07:08:17.000000','2021-08-23 07:08:17.000000',_binary '',_binary '',_binary '',_binary '','2021-08-23 07:08:24.873339'),(97,30,116,2,1.000000000,'2021-08-23 07:08:28.000000','2021-08-23 07:08:28.000000','2021-08-23 07:08:28.000000','2021-08-23 07:08:28.000000','2021-08-23 07:08:28.000000','2021-08-23 07:08:28.000000',_binary '',_binary '',_binary '',_binary '','2021-08-23 07:08:33.790707'),(98,32,118,1,1.000000000,'2021-08-23 07:08:36.000000','2021-08-23 07:08:36.000000','2021-08-23 07:08:36.000000','2021-08-23 07:08:36.000000','2021-08-23 07:08:36.000000','2021-08-23 07:08:36.000000',_binary '',_binary '',_binary '',_binary '','2021-08-23 07:08:43.262673'),(99,42,122,1,1.000000000,'2021-08-23 07:09:05.000000','2021-08-23 07:09:05.000000','2021-08-23 07:09:05.000000','2021-08-23 07:09:05.000000','2021-08-23 07:09:05.000000','2021-08-23 07:09:05.000000',_binary '',_binary '',_binary '',_binary '','2021-08-23 07:09:11.295923'),(100,31,125,1,1.000000000,'2021-08-23 07:12:44.000000','2021-08-23 07:12:44.000000','2021-08-23 07:12:44.000000','2021-08-23 07:12:44.000000','2021-08-23 07:12:44.000000','2021-08-23 07:12:44.000000',_binary '',_binary '',_binary '',_binary '','2021-08-23 07:12:50.044026'),(101,30,124,2,1.000000000,'2021-08-23 07:12:52.000000','2021-08-23 07:12:52.000000','2021-08-23 07:12:52.000000','2021-08-23 07:12:52.000000','2021-08-23 07:12:52.000000','2021-08-23 07:12:52.000000',_binary '',_binary '',_binary '',_binary '','2021-08-23 07:12:58.201023'),(102,30,121,1,1.000000000,'2021-08-23 07:13:00.000000','2021-08-23 07:13:00.000000','2021-08-23 07:13:00.000000','2021-08-23 07:13:00.000000','2021-08-23 07:13:00.000000','2021-08-23 07:13:00.000000',_binary '',_binary '',_binary '',_binary '','2021-08-23 07:13:09.840994'),(103,44,126,1,1.000000000,'2021-08-23 07:13:17.000000','2021-08-23 07:13:17.000000','2021-08-23 07:13:17.000000','2021-08-23 07:13:17.000000','2021-08-23 07:13:17.000000','2021-08-23 07:13:17.000000',_binary '',_binary '',_binary '',_binary '','2021-08-23 07:13:23.397114'),(104,32,123,2,1.000000000,'2021-08-23 07:13:27.000000','2021-08-23 07:13:27.000000','2021-08-23 07:13:27.000000','2021-08-23 07:13:27.000000','2021-08-23 07:13:27.000000','2021-08-23 07:13:27.000000',_binary '',_binary '',_binary '',_binary '','2021-08-23 07:13:33.486094'),(105,7,134,1,110.000000000,'2021-08-23 07:13:50.000000','2021-08-23 07:13:50.000000','2021-08-23 07:13:50.000000','2021-08-23 07:13:50.000000','2021-08-23 07:13:50.000000','2021-08-23 07:13:50.000000',_binary '',_binary '',_binary '',_binary '','2021-08-23 07:14:03.121551'),(106,5,132,2,110.000000000,'2021-08-23 07:14:07.000000','2021-08-23 07:14:07.000000','2021-08-23 07:14:07.000000','2021-08-23 07:14:07.000000','2021-08-23 07:14:07.000000','2021-08-23 07:14:07.000000',_binary '',_binary '',_binary '',_binary '','2021-08-23 07:14:17.129765'),(107,6,133,2,110.000000000,'2021-08-23 07:14:19.000000','2021-08-23 07:14:19.000000','2021-08-23 07:14:19.000000','2021-08-23 07:14:19.000000','2021-08-23 07:14:19.000000','2021-08-23 07:14:19.000000',_binary '',_binary '',_binary '',_binary '','2021-08-23 07:14:26.905603'),(108,55,150,2,110.000000000,'2021-08-23 07:14:47.000000','2021-08-23 07:14:47.000000','2021-08-23 07:14:47.000000','2021-08-23 07:14:47.000000','2021-08-23 07:14:47.000000','2021-08-23 07:14:47.000000',_binary '',_binary '',_binary '',_binary '','2021-08-23 07:14:55.302702'),(109,57,838,1,64.000000000,'2021-08-23 07:15:06.000000','2021-08-23 07:15:06.000000','2021-08-23 07:15:06.000000','2021-08-23 07:15:06.000000','2021-08-23 07:15:06.000000','2021-08-23 07:15:06.000000',_binary '',_binary '',_binary '',_binary '','2021-08-23 07:15:17.864987'),(110,55,160,1,110.000000000,'2021-08-23 07:15:29.000000','2021-08-23 07:15:29.000000','2021-08-23 07:15:29.000000','2021-08-23 07:15:29.000000','2021-08-23 07:15:29.000000','2021-08-23 07:15:29.000000',_binary '',_binary '',_binary '',_binary '','2021-08-23 07:15:38.468103'),(111,60,165,1,50.000000000,'2021-08-23 07:15:46.000000','2021-08-23 07:15:46.000000','2021-08-23 07:15:46.000000','2021-08-23 07:15:46.000000','2021-08-23 07:15:46.000000','2021-08-23 07:15:46.000000',_binary '',_binary '',_binary '',_binary '','2021-08-23 07:15:56.177069'),(112,54,840,1,69.000000000,'2021-08-23 07:16:14.000000','2021-08-23 07:16:14.000000','2021-08-23 07:16:14.000000','2021-08-23 07:16:14.000000','2021-08-23 07:16:14.000000','2021-08-23 07:16:14.000000',_binary '',_binary '',_binary '',_binary '','2021-08-23 07:16:23.800237'),(113,68,177,1,10.000000000,'2021-08-23 07:16:50.000000','2021-08-23 07:16:50.000000','2021-08-23 07:16:50.000000','2021-08-23 07:16:50.000000','2021-08-23 07:16:50.000000','2021-08-23 07:16:50.000000',_binary '',_binary '',_binary '',_binary '','2021-08-23 07:16:58.360913'),(114,61,170,1,10.000000000,'2021-08-23 07:17:05.000000','2021-08-23 07:17:05.000000','2021-08-23 07:17:05.000000','2021-08-23 07:17:05.000000','2021-08-23 07:17:05.000000','2021-08-23 07:17:05.000000',_binary '',_binary '',_binary '',_binary '','2021-08-23 07:17:12.127720'),(115,67,176,1,10.000000000,'2021-08-23 07:17:19.000000','2021-08-23 07:17:19.000000','2021-08-23 07:17:19.000000','2021-08-23 07:17:19.000000','2021-08-23 07:17:19.000000','2021-08-23 07:17:19.000000',_binary '',_binary '',_binary '',_binary '','2021-08-23 07:17:26.351778'),(116,65,174,1,10.000000000,'2021-08-23 07:17:33.000000','2021-08-23 07:17:33.000000','2021-08-23 07:17:33.000000','2021-08-23 07:17:33.000000','2021-08-23 07:17:33.000000','2021-08-23 07:17:33.000000',_binary '',_binary '',_binary '',_binary '','2021-08-23 07:17:39.009305'),(117,62,171,1,10.000000000,'2021-08-23 07:17:45.000000','2021-08-23 07:17:45.000000','2021-08-23 07:17:45.000000','2021-08-23 07:17:45.000000','2021-08-23 07:17:45.000000','2021-08-23 07:17:45.000000',_binary '',_binary '',_binary '',_binary '','2021-08-23 07:17:52.886668'),(118,63,172,1,10.000000000,'2021-08-23 07:17:55.000000','2021-08-23 07:17:55.000000','2021-08-23 07:17:55.000000','2021-08-23 07:17:55.000000','2021-08-23 07:17:55.000000','2021-08-23 07:17:55.000000',_binary '',_binary '',_binary '',_binary '','2021-08-23 07:18:03.998615'),(119,69,178,1,4.000000000,'2021-08-23 07:18:10.000000','2021-08-23 07:18:10.000000','2021-08-23 07:18:10.000000','2021-08-23 07:18:10.000000','2021-08-23 07:18:10.000000','2021-08-23 07:18:10.000000',_binary '',_binary '',_binary '',_binary '','2021-08-23 07:18:16.199752'),(120,66,175,1,10.000000000,'2021-08-23 07:18:27.000000','2021-08-23 07:18:27.000000','2021-08-23 07:18:27.000000','2021-08-23 07:18:27.000000','2021-08-23 07:18:27.000000','2021-08-23 07:18:27.000000',_binary '',_binary '',_binary '',_binary '','2021-08-23 07:18:35.556314'),(121,64,173,1,10.000000000,'2021-08-23 07:18:42.000000','2021-08-23 07:18:42.000000','2021-08-23 07:18:42.000000','2021-08-23 07:18:42.000000','2021-08-23 07:18:42.000000','2021-08-23 07:18:42.000000',_binary '',_binary '',_binary '',_binary '','2021-08-23 07:18:51.839305'),(122,70,179,1,50.000000000,'2021-08-23 07:19:10.000000','2021-08-23 07:19:10.000000','2021-08-23 07:19:10.000000','2021-08-23 07:19:10.000000','2021-08-23 07:19:10.000000','2021-08-23 07:19:10.000000',_binary '',_binary '',_binary '',_binary '','2021-08-23 07:19:16.844352'),(123,71,180,1,75.000000000,'2021-08-23 07:19:30.000000','2021-08-23 07:19:30.000000','2021-08-23 07:19:30.000000','2021-08-23 07:19:30.000000','2021-08-23 07:19:30.000000','2021-08-23 07:19:30.000000',_binary '',_binary '',_binary '',_binary '','2021-08-23 07:19:37.014159'),(124,72,182,1,80.000000000,'2021-08-23 07:19:54.000000','2021-08-23 07:19:54.000000','2021-08-23 07:19:54.000000','2021-08-23 07:19:54.000000','2021-08-23 07:19:54.000000','2021-08-23 07:19:54.000000',_binary '',_binary '',_binary '',_binary '','2021-08-23 07:20:01.742017'),(125,70,181,1,50.000000000,'2021-08-23 07:20:08.000000','2021-08-23 07:20:08.000000','2021-08-23 07:20:08.000000','2021-08-23 07:20:08.000000','2021-08-23 07:20:08.000000','2021-08-23 07:20:08.000000',_binary '',_binary '',_binary '',_binary '','2021-08-23 07:20:16.326243'),(126,74,184,1,2.000000000,'2021-08-23 07:20:23.000000','2021-08-23 07:20:23.000000','2021-08-23 07:20:23.000000','2021-08-23 07:20:23.000000','2021-08-23 07:20:23.000000','2021-08-23 07:20:23.000000',_binary '',_binary '',_binary '',_binary '','2021-08-23 07:20:30.981901'),(127,77,190,1,2.000000000,'2021-08-23 07:20:49.000000','2021-08-23 07:20:49.000000','2021-08-23 07:20:49.000000','2021-08-23 07:20:49.000000','2021-08-23 07:20:49.000000','2021-08-23 07:20:49.000000',_binary '',_binary '',_binary '',_binary '','2021-08-23 07:20:57.444265'),(128,78,191,1,2.000000000,'2021-08-23 07:21:00.000000','2021-08-23 07:21:00.000000','2021-08-23 07:21:00.000000','2021-08-23 07:21:00.000000','2021-08-23 07:21:00.000000','2021-08-23 07:21:00.000000',_binary '',_binary '',_binary '',_binary '','2021-08-23 07:21:07.156586'),(129,31,193,1,1.000000000,'2021-08-23 07:21:22.000000','2021-08-23 07:21:22.000000','2021-08-23 07:21:22.000000','2021-08-23 07:21:22.000000','2021-08-23 07:21:22.000000','2021-08-23 07:21:22.000000',_binary '',_binary '',_binary '',_binary '','2021-08-23 07:21:28.357201'),(130,30,192,1,1.000000000,'2021-08-23 07:21:31.000000','2021-08-23 07:21:31.000000','2021-08-23 07:21:31.000000','2021-08-23 07:58:48.000000','2021-08-23 07:21:31.000000','2021-08-23 07:21:31.000000',_binary '',_binary '',_binary '',_binary '','2021-08-23 07:21:40.424123'),(131,30,187,2,1.000000000,'2021-08-23 07:21:43.000000','2021-08-23 07:21:43.000000','2021-08-23 07:21:43.000000','2021-08-23 07:21:43.000000','2021-08-23 07:21:43.000000','2021-08-23 07:21:43.000000',_binary '',_binary '',_binary '',_binary '','2021-08-23 07:21:51.035972'),(132,32,194,2,1.000000000,'2021-08-23 07:21:53.000000','2021-08-23 07:21:53.000000','2021-08-23 07:21:53.000000','2021-08-23 07:21:53.000000','2021-08-23 07:21:53.000000','2021-08-23 07:21:53.000000',_binary '',_binary '',_binary '',_binary '','2021-08-23 07:22:01.495986'),(133,32,189,2,1.000000000,'2021-08-23 07:22:05.000000','2021-08-23 07:22:05.000000','2021-08-23 07:22:05.000000','2021-08-23 07:22:05.000000','2021-08-23 07:22:05.000000','2021-08-23 07:22:05.000000',_binary '',_binary '',_binary '',_binary '','2021-08-23 07:22:12.527716'),(134,42,188,1,1.000000000,'2021-08-23 07:22:27.000000','2021-08-23 07:22:27.000000','2021-08-23 07:22:27.000000','2021-08-23 07:22:27.000000','2021-08-23 07:22:27.000000','2021-08-23 07:22:27.000000',_binary '',_binary '',_binary '',_binary '','2021-08-23 07:22:33.559925'),(135,77,202,1,1.000000000,'2021-08-23 07:22:49.000000','2021-08-23 07:22:49.000000','2021-08-23 07:22:49.000000','2021-08-23 07:22:49.000000','2021-08-23 07:22:49.000000','2021-08-23 07:22:49.000000',_binary '',_binary '',_binary '',_binary '','2021-08-23 07:22:55.187723'),(136,78,203,1,1.000000000,'2021-08-23 07:22:57.000000','2021-08-23 07:22:57.000000','2021-08-23 07:22:57.000000','2021-08-23 07:22:57.000000','2021-08-23 07:22:57.000000','2021-08-23 07:22:57.000000',_binary '',_binary '',_binary '',_binary '','2021-08-23 07:23:03.712062'),(137,42,200,2,1.000000000,'2021-08-23 07:23:11.000000','2021-08-23 07:23:11.000000','2021-08-23 07:23:11.000000','2021-08-23 07:23:11.000000','2021-08-23 07:23:11.000000','2021-08-23 07:23:11.000000',_binary '',_binary '',_binary '',_binary '','2021-08-23 07:23:21.231647'),(138,30,199,1,1.000000000,'2021-08-23 07:23:33.000000','2021-08-23 07:23:33.000000','2021-08-23 07:23:33.000000','2021-08-23 07:23:33.000000','2021-08-23 07:23:33.000000','2021-08-23 07:23:33.000000',_binary '',_binary '',_binary '',_binary '','2021-08-23 07:23:38.753557'),(139,32,201,1,1.000000000,'2021-08-23 07:23:41.000000','2021-08-23 07:23:41.000000','2021-08-23 07:23:41.000000','2021-08-23 07:23:41.000000','2021-08-23 07:23:41.000000','2021-08-23 07:23:41.000000',_binary '',_binary '',_binary '',_binary '','2021-08-23 07:23:47.075443'),(140,31,208,1,1.000000000,'2021-08-23 07:23:55.000000','2021-08-23 07:23:55.000000','2021-08-23 07:23:55.000000','2021-08-23 07:23:55.000000','2021-08-23 07:23:55.000000','2021-08-23 07:23:55.000000',_binary '',_binary '',_binary '',_binary '','2021-08-23 07:24:02.014345'),(141,30,207,1,1.000000000,'2021-08-23 07:24:05.000000','2021-08-23 07:24:05.000000','2021-08-23 07:24:05.000000','2021-08-23 07:24:05.000000','2021-08-23 07:24:05.000000','2021-08-23 07:24:05.000000',_binary '',_binary '',_binary '',_binary '','2021-08-23 07:24:12.767697'),(142,44,209,1,1.000000000,'2021-08-23 07:24:16.000000','2021-08-23 07:24:16.000000','2021-08-23 07:24:16.000000','2021-08-23 07:24:16.000000','2021-08-23 07:24:16.000000','2021-08-23 07:24:16.000000',_binary '',_binary '',_binary '',_binary '','2021-08-23 07:24:21.543253'),(143,42,216,2,1.000000000,'2021-08-23 07:24:40.000000','2021-08-23 07:24:40.000000','2021-08-23 07:24:40.000000','2021-08-23 07:24:40.000000','2021-08-23 07:24:40.000000','2021-08-23 07:24:40.000000',_binary '',_binary '',_binary '',_binary '','2021-08-23 07:24:56.123346'),(144,31,213,1,1.000000000,'2021-08-23 07:24:58.000000','2021-08-23 07:24:58.000000','2021-08-23 07:24:58.000000','2021-08-23 07:24:58.000000','2021-08-23 07:24:58.000000','2021-08-23 07:24:58.000000',_binary '',_binary '',_binary '',_binary '','2021-08-23 07:25:05.318241'),(145,30,212,1,1.000000000,'2021-08-23 07:25:07.000000','2021-08-23 07:25:07.000000','2021-08-23 07:25:07.000000','2021-08-23 07:25:07.000000','2021-08-23 07:25:07.000000','2021-08-23 07:25:07.000000',_binary '',_binary '',_binary '',_binary '','2021-08-23 07:25:13.251220'),(146,30,215,1,1.000000000,'2021-08-23 07:25:15.000000','2021-08-23 07:25:15.000000','2021-08-23 07:25:15.000000','2021-08-23 07:25:15.000000','2021-08-23 07:25:15.000000','2021-08-23 07:25:15.000000',_binary '',_binary '',_binary '',_binary '','2021-08-23 07:25:23.216369'),(147,32,214,1,1.000000000,'2021-08-23 07:25:25.000000','2021-08-23 07:25:25.000000','2021-08-23 07:25:25.000000','2021-08-23 07:25:25.000000','2021-08-23 07:25:25.000000','2021-08-23 07:25:25.000000',_binary '',_binary '',_binary '',_binary '','2021-08-23 07:25:31.572771'),(148,32,217,1,1.000000000,'2021-08-23 07:25:33.000000','2021-08-23 07:25:33.000000','2021-08-23 07:25:33.000000','2021-08-23 07:25:33.000000','2021-08-23 07:25:33.000000','2021-08-23 07:25:33.000000',_binary '',_binary '',_binary '',_binary '','2021-08-23 07:25:38.871175'),(149,42,224,1,1.000000000,'2021-08-23 07:26:00.000000','2021-08-23 07:26:00.000000','2021-08-23 07:26:00.000000','2021-08-23 07:26:00.000000','2021-08-23 07:26:00.000000','2021-08-23 07:26:00.000000',_binary '',_binary '',_binary '',_binary '','2021-08-23 07:26:08.467205'),(150,31,221,1,1.000000000,'2021-08-23 07:26:11.000000','2021-08-23 07:26:11.000000','2021-08-23 07:26:11.000000','2021-08-23 07:26:11.000000','2021-08-23 07:26:11.000000','2021-08-23 07:26:11.000000',_binary '',_binary '',_binary '',_binary '','2021-08-23 07:26:16.131606'),(151,30,220,2,1.000000000,'2021-08-23 07:26:18.000000','2021-08-23 07:26:18.000000','2021-08-23 07:26:18.000000','2021-08-23 07:26:18.000000','2021-08-23 07:26:18.000000','2021-08-23 07:26:18.000000',_binary '',_binary '',_binary '',_binary '','2021-08-23 07:26:26.161159'),(152,30,223,1,1.000000000,'2021-08-23 07:26:28.000000','2021-08-23 07:26:28.000000','2021-08-23 07:26:28.000000','2021-08-23 07:26:28.000000','2021-08-23 07:26:28.000000','2021-08-23 07:26:28.000000',_binary '',_binary '',_binary '',_binary '','2021-08-23 07:26:35.932556'),(153,32,222,1,1.000000000,'2021-08-23 07:26:40.000000','2021-08-23 07:26:40.000000','2021-08-23 07:26:40.000000','2021-08-23 07:26:40.000000','2021-08-23 07:26:40.000000','2021-08-23 07:26:40.000000',_binary '',_binary '',_binary '',_binary '','2021-08-23 07:26:47.567160'),(154,32,225,1,1.000000000,'2021-08-23 07:26:51.000000','2021-08-23 07:26:51.000000','2021-08-23 07:26:51.000000','2021-08-23 07:26:51.000000','2021-08-23 07:26:51.000000','2021-08-23 07:26:51.000000',_binary '',_binary '',_binary '',_binary '','2021-08-23 07:26:58.714840'),(155,85,237,1,6.000000000,'2021-08-23 07:28:41.000000','2021-08-23 07:28:41.000000','2021-08-23 07:28:41.000000','2021-08-23 07:28:41.000000','2021-08-23 07:28:41.000000','2021-08-23 07:28:41.000000',_binary '',_binary '',_binary '',_binary '','2021-08-23 07:28:49.810720'),(156,84,236,2,60.000000000,'2021-08-23 07:29:00.000000','2021-08-23 07:29:00.000000','2021-08-23 07:29:00.000000','2021-08-23 07:29:00.000000','2021-08-23 07:29:00.000000','2021-08-23 07:29:00.000000',_binary '',_binary '',_binary '',_binary '','2021-08-23 07:29:08.390745'),(157,85,239,1,6.000000000,'2021-08-23 07:29:20.000000','2021-08-23 07:29:20.000000','2021-08-23 07:29:20.000000','2021-08-23 07:29:20.000000','2021-08-23 07:29:20.000000','2021-08-23 07:29:20.000000',_binary '',_binary '',_binary '',_binary '','2021-08-23 07:29:27.695487'),(158,84,238,2,40.000000000,'2021-08-23 07:29:34.000000','2021-08-23 07:29:34.000000','2021-08-23 07:29:34.000000','2021-08-23 07:29:34.000000','2021-08-23 07:29:34.000000','2021-08-23 07:29:34.000000',_binary '',_binary '',_binary '',_binary '','2021-08-23 07:29:43.229200'),(159,108,845,1,1.000000000,'2021-08-23 07:29:50.000000','2021-08-23 07:29:50.000000','2021-08-23 07:29:50.000000','2021-08-23 07:29:50.000000','2021-08-23 07:29:50.000000','2021-08-23 07:29:50.000000',_binary '',_binary '',_binary '',_binary '','2021-08-23 07:29:55.940495'),(160,109,846,2,10.000000000,'2021-08-23 07:30:08.000000','2021-08-23 07:30:08.000000','2021-08-23 07:30:08.000000','2021-08-23 07:30:08.000000','2021-08-23 07:30:08.000000','2021-08-23 07:30:08.000000',_binary '',_binary '',_binary '',_binary '','2021-08-23 07:30:16.411509'),(161,86,240,2,25.000000000,'2021-08-23 07:30:23.000000','2021-08-23 07:30:23.000000','2021-08-23 07:30:23.000000','2021-08-23 07:30:23.000000','2021-08-23 07:30:23.000000','2021-08-23 07:30:23.000000',_binary '',_binary '',_binary '',_binary '','2021-08-23 07:30:30.349917'),(162,87,241,1,50.000000000,'2021-08-23 07:30:44.000000','2021-08-23 07:30:44.000000','2021-08-23 07:30:44.000000','2021-08-23 07:30:44.000000','2021-08-23 07:30:44.000000','2021-08-23 07:30:44.000000',_binary '',_binary '',_binary '',_binary '','2021-08-23 07:30:52.651865'),(163,77,248,1,2.000000000,'2021-08-23 07:31:31.000000','2021-08-23 07:31:31.000000','2021-08-23 07:31:31.000000','2021-08-23 07:31:31.000000','2021-08-23 07:31:31.000000','2021-08-23 07:31:31.000000',_binary '',_binary '',_binary '',_binary '','2021-08-23 07:31:37.609934'),(164,78,249,2,2.000000000,'2021-08-23 07:31:39.000000','2021-08-23 07:31:39.000000','2021-08-23 07:31:39.000000','2021-08-23 07:31:39.000000','2021-08-23 07:31:39.000000','2021-08-23 07:31:39.000000',_binary '',_binary '',_binary '',_binary '','2021-08-23 07:31:46.948681'),(165,42,253,2,1.000000000,'2021-08-23 07:31:56.000000','2021-08-23 07:31:56.000000','2021-08-23 07:31:56.000000','2021-08-23 07:31:56.000000','2021-08-23 07:31:56.000000','2021-08-23 07:31:56.000000',_binary '',_binary '',_binary '',_binary '','2021-08-23 07:32:05.796636'),(166,31,246,1,1.000000000,'2021-08-23 07:32:08.000000','2021-08-23 07:32:08.000000','2021-08-23 07:32:08.000000','2021-08-23 07:32:08.000000','2021-08-23 07:32:08.000000','2021-08-23 07:32:08.000000',_binary '',_binary '',_binary '',_binary '','2021-08-23 07:32:15.057804'),(167,30,252,1,1.000000000,'2021-08-23 07:32:17.000000','2021-08-23 07:32:17.000000','2021-08-23 07:32:17.000000','2021-08-23 07:32:17.000000','2021-08-23 07:32:17.000000','2021-08-23 07:32:17.000000',_binary '',_binary '',_binary '',_binary '','2021-08-23 07:32:24.752099'),(168,30,245,1,1.000000000,'2021-08-23 07:32:28.000000','2021-08-23 07:32:28.000000','2021-08-23 07:32:28.000000','2021-08-23 07:32:28.000000','2021-08-23 07:32:28.000000','2021-08-23 07:32:28.000000',_binary '',_binary '',_binary '',_binary '','2021-08-23 07:32:34.613742'),(169,32,247,1,1.000000000,'2021-08-23 07:32:38.000000','2021-08-23 07:32:38.000000','2021-08-23 07:32:38.000000','2021-08-23 07:32:38.000000','2021-08-23 07:32:38.000000','2021-08-23 07:32:38.000000',_binary '',_binary '',_binary '',_binary '','2021-08-23 07:32:45.969254'),(170,3,254,1,110.000000000,'2021-08-23 07:33:00.000000','2021-08-23 07:33:00.000000','2021-08-23 07:33:00.000000','2021-08-23 07:33:00.000000','2021-08-23 07:33:00.000000','2021-08-23 07:33:00.000000',_binary '',_binary '',_binary '',_binary '','2021-08-23 07:33:09.351394'),(171,92,256,1,200.000000000,'2021-08-23 07:33:22.000000','2021-08-23 07:33:22.000000','2021-08-23 07:33:22.000000','2021-08-23 07:33:22.000000','2021-08-23 07:33:22.000000','2021-08-23 07:33:22.000000',_binary '',_binary '',_binary '',_binary '','2021-08-23 07:33:29.690766'),(172,2,257,1,50.000000000,'2021-08-23 07:33:35.000000','2021-08-23 07:33:35.000000','2021-08-23 07:33:35.000000','2021-08-23 07:33:35.000000','2021-08-23 07:33:35.000000','2021-08-23 07:33:35.000000',_binary '',_binary '',_binary '',_binary '','2021-08-23 07:33:43.164476'),(173,2,260,1,50.000000000,'2021-08-23 07:33:55.000000','2021-08-23 07:33:55.000000','2021-08-23 07:33:55.000000','2021-08-23 07:33:55.000000','2021-08-23 07:33:55.000000','2021-08-23 07:33:55.000000',_binary '',_binary '',_binary '',_binary '','2021-08-23 07:34:03.221248'),(174,2,263,1,50.000000000,'2021-08-23 07:34:16.000000','2021-08-23 07:34:16.000000','2021-08-23 07:34:16.000000','2021-08-23 07:34:16.000000','2021-08-23 07:34:16.000000','2021-08-23 07:34:16.000000',_binary '',_binary '',_binary '',_binary '','2021-08-23 07:34:24.789103'),(175,2,267,1,50.000000000,'2021-08-23 07:34:35.000000','2021-08-23 07:34:35.000000','2021-08-23 07:34:35.000000','2021-08-23 07:34:35.000000','2021-08-23 07:34:35.000000','2021-08-23 07:34:35.000000',_binary '',_binary '',_binary '',_binary '','2021-08-23 07:34:48.930390'),(176,2,271,1,50.000000000,'2021-08-23 07:34:58.000000','2021-08-23 07:34:58.000000','2021-08-23 07:34:58.000000','2021-08-23 07:34:58.000000','2021-08-23 07:34:58.000000','2021-08-23 07:34:58.000000',_binary '',_binary '',_binary '',_binary '','2021-08-23 07:35:06.610795'),(177,2,275,1,50.000000000,'2021-08-23 07:35:15.000000','2021-08-23 07:35:15.000000','2021-08-23 07:35:15.000000','2021-08-23 07:35:15.000000','2021-08-23 07:35:15.000000','2021-08-23 07:35:15.000000',_binary '',_binary '',_binary '',_binary '','2021-08-23 07:35:23.828513'),(178,2,280,1,50.000000000,'2021-08-23 07:35:31.000000','2021-08-23 07:35:31.000000','2021-08-23 07:35:31.000000','2021-08-23 07:35:31.000000','2021-08-23 07:35:31.000000','2021-08-23 07:35:31.000000',_binary '',_binary '',_binary '',_binary '','2021-08-23 07:35:37.941289'),(179,2,285,1,50.000000000,'2021-08-23 07:35:46.000000','2021-08-23 07:35:46.000000','2021-08-23 07:35:46.000000','2021-08-23 07:35:46.000000','2021-08-23 07:35:46.000000','2021-08-23 07:35:46.000000',_binary '',_binary '',_binary '',_binary '','2021-08-23 07:35:53.842702'),(180,2,290,1,50.000000000,'2021-08-23 07:36:04.000000','2021-08-23 07:36:04.000000','2021-08-23 07:36:04.000000','2021-08-23 07:36:04.000000','2021-08-23 07:36:04.000000','2021-08-23 07:36:04.000000',_binary '',_binary '',_binary '',_binary '','2021-08-23 07:36:11.475092'),(181,2,295,1,50.000000000,'2021-08-23 07:36:18.000000','2021-08-23 07:36:18.000000','2021-08-23 07:36:18.000000','2021-08-23 07:36:18.000000','2021-08-23 07:36:18.000000','2021-08-23 07:36:18.000000',_binary '',_binary '',_binary '',_binary '','2021-08-23 07:36:27.299452'),(182,77,320,2,1.000000000,'2021-08-23 07:36:42.000000','2021-08-23 07:36:42.000000','2021-08-23 07:36:42.000000','2021-08-23 07:36:42.000000','2021-08-23 07:36:42.000000','2021-08-23 07:36:42.000000',_binary '',_binary '',_binary '',_binary '','2021-08-23 07:36:50.921789'),(183,42,323,1,1.000000000,'2021-08-23 07:36:55.000000','2021-08-23 07:36:55.000000','2021-08-23 07:36:55.000000','2021-08-23 07:36:55.000000','2021-08-23 07:36:55.000000','2021-08-23 07:36:55.000000',_binary '',_binary '',_binary '',_binary '','2021-08-23 07:37:02.608327'),(184,31,318,1,1.000000000,'2021-08-23 07:37:05.000000','2021-08-23 07:37:05.000000','2021-08-23 07:37:05.000000','2021-08-23 07:37:05.000000','2021-08-23 07:37:05.000000','2021-08-23 07:37:05.000000',_binary '',_binary '',_binary '',_binary '','2021-08-23 07:37:12.980162'),(185,30,322,1,1.000000000,'2021-08-23 07:37:14.000000','2021-08-23 07:37:14.000000','2021-08-23 07:37:14.000000','2021-08-23 07:37:14.000000','2021-08-23 07:37:14.000000','2021-08-23 07:37:14.000000',_binary '',_binary '',_binary '',_binary '','2021-08-23 07:37:31.408408'),(186,30,317,1,1.000000000,'2021-08-23 07:37:33.000000','2021-08-23 07:37:33.000000','2021-08-23 07:37:33.000000','2021-08-23 07:37:33.000000','2021-08-23 07:37:33.000000','2021-08-23 07:37:33.000000',_binary '',_binary '',_binary '',_binary '','2021-08-23 07:37:41.542725'),(187,32,319,1,1.000000000,'2021-08-23 07:37:45.000000','2021-08-23 07:37:45.000000','2021-08-23 07:37:45.000000','2021-08-23 07:37:45.000000','2021-08-23 07:37:45.000000','2021-08-23 07:37:45.000000',_binary '',_binary '',_binary '',_binary '','2021-08-23 07:37:50.402673'),(188,77,320,1,1.000000000,'2021-08-23 07:38:15.000000','2021-08-23 07:38:15.000000','2021-08-23 07:38:15.000000','2021-08-23 07:38:15.000000','2021-08-23 07:38:15.000000','2021-08-23 07:38:15.000000',_binary '',_binary '',_binary '',_binary '','2021-08-23 07:38:20.953014'),(189,78,321,2,1.000000000,'2021-08-23 07:38:29.000000','2021-08-23 07:38:29.000000','2021-08-23 07:38:29.000000','2021-08-23 07:38:29.000000','2021-08-23 07:38:29.000000','2021-08-23 07:38:29.000000',_binary '',_binary '',_binary '',_binary '','2021-08-23 07:38:36.015974'),(190,78,321,2,1.000000000,'2021-08-23 07:39:10.000000','2021-08-23 07:39:10.000000','2021-08-23 07:39:10.000000','2021-08-23 07:39:10.000000','2021-08-23 07:39:10.000000','2021-08-23 07:39:10.000000',_binary '',_binary '',_binary '',_binary '','2021-08-23 07:39:18.665182'),(191,31,327,1,1.000000000,'2021-08-23 07:39:33.000000','2021-08-23 07:39:33.000000','2021-08-23 07:39:33.000000','2021-08-23 07:39:33.000000','2021-08-23 07:39:33.000000','2021-08-23 07:39:33.000000',_binary '',_binary '',_binary '',_binary '','2021-08-23 07:39:40.648695'),(192,30,326,2,1.000000000,'2021-08-23 07:39:44.000000','2021-08-23 07:39:44.000000','2021-08-23 07:39:44.000000','2021-08-23 07:39:44.000000','2021-08-23 07:39:44.000000','2021-08-23 07:39:44.000000',_binary '',_binary '',_binary '',_binary '','2021-08-23 07:39:52.759704'),(193,77,329,2,1.000000000,'2021-08-23 07:39:55.000000','2021-08-23 07:39:55.000000','2021-08-23 07:39:55.000000','2021-08-23 07:39:55.000000','2021-08-23 07:39:55.000000','2021-08-23 07:39:55.000000',_binary '',_binary '',_binary '',_binary '','2021-08-23 07:40:04.853299'),(194,32,328,2,1.000000000,'2021-08-23 07:40:07.000000','2021-08-23 07:40:07.000000','2021-08-23 07:40:07.000000','2021-08-23 07:40:07.000000','2021-08-23 07:40:07.000000','2021-08-23 07:40:07.000000',_binary '',_binary '',_binary '',_binary '','2021-08-23 07:40:14.098501'),(195,78,330,1,1.000000000,'2021-08-23 07:40:17.000000','2021-08-23 07:40:17.000000','2021-08-23 07:40:17.000000','2021-08-23 07:40:17.000000','2021-08-23 07:40:17.000000','2021-08-23 07:40:17.000000',_binary '',_binary '',_binary '',_binary '','2021-08-23 07:40:23.848807'),(196,77,338,1,2.000000000,'2021-08-23 07:40:40.000000','2021-08-23 07:40:40.000000','2021-08-23 07:40:40.000000','2021-08-23 07:40:40.000000','2021-08-23 07:40:40.000000','2021-08-23 07:40:40.000000',_binary '',_binary '',_binary '',_binary '','2021-08-23 07:40:50.743176'),(197,78,339,2,2.000000000,'2021-08-23 07:40:53.000000','2021-08-23 07:40:53.000000','2021-08-23 07:40:53.000000','2021-08-23 07:40:53.000000','2021-08-23 07:40:53.000000','2021-08-23 07:40:53.000000',_binary '',_binary '',_binary '',_binary '','2021-08-23 07:40:58.455793'),(198,42,336,1,1.000000000,'2021-08-23 07:41:06.000000','2021-08-23 07:41:06.000000','2021-08-23 07:41:06.000000','2021-08-23 07:41:06.000000','2021-08-23 07:41:06.000000','2021-08-23 07:41:06.000000',_binary '',_binary '',_binary '',_binary '','2021-08-23 07:41:11.448762'),(199,31,341,2,1.000000000,'2021-08-23 07:41:13.000000','2021-08-23 07:41:13.000000','2021-08-23 07:41:13.000000','2021-08-23 07:41:13.000000','2021-08-23 07:41:13.000000','2021-08-23 07:41:13.000000',_binary '',_binary '',_binary '',_binary '','2021-08-23 07:41:18.978429'),(200,30,335,2,1.000000000,'2021-08-23 07:41:21.000000','2021-08-23 07:41:21.000000','2021-08-23 07:41:21.000000','2021-08-23 07:41:21.000000','2021-08-23 07:41:21.000000','2021-08-23 07:41:21.000000',_binary '',_binary '',_binary '',_binary '','2021-08-23 07:41:28.026159'),(201,30,340,2,1.000000000,'2021-08-23 07:41:30.000000','2021-08-23 07:41:30.000000','2021-08-23 07:41:30.000000','2021-08-23 07:41:30.000000','2021-08-23 07:41:30.000000','2021-08-23 07:41:30.000000',_binary '',_binary '',_binary '',_binary '','2021-08-23 07:41:37.907987'),(202,44,342,2,1.000000000,'2021-08-23 07:41:42.000000','2021-08-23 07:41:42.000000','2021-08-23 07:41:42.000000','2021-08-23 07:41:42.000000','2021-08-23 07:41:42.000000','2021-08-23 07:41:42.000000',_binary '',_binary '',_binary '',_binary '','2021-08-23 07:41:47.952029'),(203,32,337,2,1.000000000,'2021-08-23 07:41:50.000000','2021-08-23 07:41:50.000000','2021-08-23 07:41:50.000000','2021-08-23 07:41:50.000000','2021-08-23 07:41:50.000000','2021-08-23 07:41:50.000000',_binary '',_binary '',_binary '',_binary '','2021-08-23 07:41:59.753030'),(204,77,348,2,2.000000000,'2021-08-23 07:42:36.000000','2021-08-23 07:42:36.000000','2021-08-23 07:42:36.000000','2021-08-23 07:42:36.000000','2021-08-23 07:42:36.000000','2021-08-23 07:42:36.000000',_binary '',_binary '',_binary '',_binary '','2021-08-23 07:42:44.759786'),(205,78,349,2,2.000000000,'2021-08-23 07:42:46.000000','2021-08-23 07:42:46.000000','2021-08-23 07:42:46.000000','2021-08-23 07:42:46.000000','2021-08-23 07:42:46.000000','2021-08-23 07:42:46.000000',_binary '',_binary '',_binary '',_binary '','2021-08-23 07:42:53.017671'),(206,42,351,2,1.000000000,'2021-08-23 07:43:15.000000','2021-08-23 07:43:15.000000','2021-08-23 07:43:15.000000','2021-08-23 07:43:15.000000','2021-08-23 07:43:15.000000','2021-08-23 07:43:15.000000',_binary '',_binary '',_binary '',_binary '','2021-08-23 07:43:24.118163'),(207,31,346,1,1.000000000,'2021-08-23 07:43:26.000000','2021-08-23 07:43:26.000000','2021-08-23 07:43:26.000000','2021-08-23 07:43:26.000000','2021-08-23 07:43:26.000000','2021-08-23 07:43:26.000000',_binary '',_binary '',_binary '',_binary '','2021-08-23 07:43:32.327370'),(208,30,345,1,1.000000000,'2021-08-23 07:43:34.000000','2021-08-23 07:43:34.000000','2021-08-23 07:43:34.000000','2021-08-23 07:43:34.000000','2021-08-23 07:43:34.000000','2021-08-23 07:43:34.000000',_binary '',_binary '',_binary '',_binary '','2021-08-23 07:43:39.631353'),(209,30,350,2,1.000000000,'2021-08-23 07:43:42.000000','2021-08-23 07:43:42.000000','2021-08-23 07:43:42.000000','2021-08-23 07:43:42.000000','2021-08-23 07:43:42.000000','2021-08-23 07:43:42.000000',_binary '',_binary '',_binary '',_binary '','2021-08-23 07:43:46.986207'),(210,32,347,1,1.000000000,'2021-08-23 07:43:49.000000','2021-08-23 07:43:49.000000','2021-08-23 07:43:49.000000','2021-08-23 07:43:49.000000','2021-08-23 07:43:49.000000','2021-08-23 07:43:49.000000',_binary '',_binary '',_binary '',_binary '','2021-08-23 07:43:53.847732'),(211,32,352,1,1.000000000,'2021-08-23 07:43:56.000000','2021-08-23 07:43:56.000000','2021-08-23 07:43:56.000000','2021-08-23 07:43:56.000000','2021-08-23 07:43:56.000000','2021-08-23 07:43:56.000000',_binary '',_binary '',_binary '',_binary '','2021-08-23 07:44:01.987522'),(212,96,353,1,50.000000000,'2021-08-23 07:44:25.000000','2021-08-23 07:44:25.000000','2021-08-23 07:44:25.000000','2021-08-23 07:44:25.000000','2021-08-23 07:44:25.000000','2021-08-23 07:44:25.000000',_binary '',_binary '',_binary '',_binary '','2021-08-23 07:44:32.137470'),(213,55,849,2,262.000000000,'2021-08-23 07:44:49.000000','2021-08-23 07:44:49.000000','2021-08-23 07:44:49.000000','2021-08-23 07:44:49.000000','2021-08-23 07:44:49.000000','2021-08-23 07:44:49.000000',_binary '',_binary '',_binary '',_binary '','2021-08-23 07:44:57.802156'),(214,107,364,1,100.000000000,'2021-08-23 07:45:16.000000','2021-08-23 07:45:16.000000','2021-08-23 07:45:16.000000','2021-08-23 07:45:16.000000','2021-08-23 07:45:16.000000','2021-08-23 07:45:16.000000',_binary '',_binary '',_binary '',_binary '','2021-08-23 07:45:23.808805'),(215,85,367,2,15.000000000,'2021-08-23 07:45:42.000000','2021-08-23 07:45:42.000000','2021-08-23 07:45:42.000000','2021-08-23 07:45:42.000000','2021-08-23 07:45:42.000000','2021-08-23 07:45:42.000000',_binary '',_binary '',_binary '',_binary '','2021-08-23 07:45:50.122758'),(216,84,366,2,50.000000000,'2021-08-23 07:45:56.000000','2021-08-23 07:45:56.000000','2021-08-23 07:45:56.000000','2021-08-23 07:45:56.000000','2021-08-23 07:45:56.000000','2021-08-23 07:45:56.000000',_binary '',_binary '',_binary '',_binary '','2021-08-23 07:46:03.160150'),(217,109,368,2,30.000000000,'2021-08-23 07:46:19.000000','2021-08-23 07:46:19.000000','2021-08-23 07:46:19.000000','2021-08-23 07:46:19.000000','2021-08-23 07:46:19.000000','2021-08-23 07:46:19.000000',_binary '',_binary '',_binary '',_binary '','2021-08-23 07:46:29.137378'),(218,87,369,3,30.000000000,'2021-08-23 07:46:35.000000','2021-08-23 07:46:35.000000','2021-08-23 07:46:35.000000','2021-08-23 07:46:35.000000','2021-08-23 07:46:35.000000','2021-08-23 07:46:35.000000',_binary '',_binary '',_binary '',_binary '','2021-08-23 07:46:47.031984'),(219,86,370,3,40.000000000,'2021-08-23 07:46:53.000000','2021-08-23 07:46:53.000000','2021-08-23 07:46:53.000000','2021-08-23 07:46:53.000000','2021-08-23 07:46:53.000000','2021-08-23 07:46:53.000000',_binary '',_binary '',_binary '',_binary '','2021-08-23 07:47:02.506765'),(220,110,371,3,50.000000000,'2021-08-23 07:47:12.000000','2021-08-23 07:47:12.000000','2021-08-23 07:47:12.000000','2021-08-23 07:47:12.000000','2021-08-23 07:47:12.000000','2021-08-23 07:47:12.000000',_binary '',_binary '',_binary '',_binary '','2021-08-23 07:47:20.114069'),(221,112,374,3,1.000000000,'2021-08-23 07:47:36.000000','2021-08-23 07:47:36.000000','2021-08-23 07:47:36.000000','2021-08-23 07:47:36.000000','2021-08-23 07:47:36.000000','2021-08-23 07:47:36.000000',_binary '',_binary '',_binary '',_binary '','2021-08-23 07:47:42.998428'),(222,113,375,3,1.000000000,'2021-08-23 07:47:46.000000','2021-08-23 07:47:46.000000','2021-08-23 07:47:46.000000','2021-08-23 07:47:46.000000','2021-08-23 07:47:46.000000','2021-08-23 07:47:46.000000',_binary '',_binary '',_binary '',_binary '','2021-08-23 07:47:53.854666'),(223,77,379,3,1.000000000,'2021-08-23 07:47:56.000000','2021-08-23 07:47:56.000000','2021-08-23 07:47:56.000000','2021-08-23 07:47:56.000000','2021-08-23 07:47:56.000000','2021-08-23 07:47:56.000000',_binary '',_binary '',_binary '',_binary '','2021-08-23 07:48:20.997792'),(224,77,379,3,1.000000000,'2021-08-23 07:48:24.000000','2021-08-23 07:48:24.000000','2021-08-23 07:48:24.000000','2021-08-23 07:48:24.000000','2021-08-23 07:48:24.000000','2021-08-23 07:48:24.000000',_binary '',_binary '',_binary '',_binary '','2021-08-23 07:48:29.918227'),(225,78,380,3,2.000000000,'2021-08-23 07:48:32.000000','2021-08-23 07:48:32.000000','2021-08-23 07:48:32.000000','2021-08-23 07:48:32.000000','2021-08-23 07:48:32.000000','2021-08-23 07:48:32.000000',_binary '',_binary '',_binary '',_binary '','2021-08-23 07:48:38.521893'),(226,42,384,3,1.000000000,'2021-08-23 07:48:44.000000','2021-08-23 07:48:44.000000','2021-08-23 07:48:44.000000','2021-08-23 07:48:44.000000','2021-08-23 07:48:44.000000','2021-08-23 07:48:44.000000',_binary '',_binary '',_binary '',_binary '','2021-08-23 07:48:50.825683'),(227,31,377,3,1.000000000,'2021-08-23 07:48:53.000000','2021-08-23 07:48:53.000000','2021-08-23 07:48:53.000000','2021-08-23 07:48:53.000000','2021-08-23 07:48:53.000000','2021-08-23 07:48:53.000000',_binary '',_binary '',_binary '',_binary '','2021-08-23 07:49:01.070234'),(228,30,376,3,1.000000000,'2021-08-23 07:49:04.000000','2021-08-23 07:49:04.000000','2021-08-23 07:49:04.000000','2021-08-23 07:49:04.000000','2021-08-23 07:49:04.000000','2021-08-23 07:49:04.000000',_binary '',_binary '',_binary '',_binary '','2021-08-23 07:49:12.602172'),(229,30,383,3,1.000000000,'2021-08-23 07:49:16.000000','2021-08-23 07:49:16.000000','2021-08-23 07:49:16.000000','2021-08-23 07:49:16.000000','2021-08-23 07:49:16.000000','2021-08-23 07:49:16.000000',_binary '',_binary '',_binary '',_binary '','2021-08-23 07:49:24.622305'),(230,44,378,3,1.000000000,'2021-08-23 07:49:27.000000','2021-08-23 07:49:27.000000','2021-08-23 07:49:27.000000','2021-08-23 07:49:27.000000','2021-08-23 07:49:27.000000','2021-08-23 07:49:27.000000',_binary '',_binary '',_binary '',_binary '','2021-08-23 07:49:33.175440'),(231,32,385,3,1.000000000,'2021-08-23 07:49:36.000000','2021-08-23 07:49:36.000000','2021-08-23 07:49:36.000000','2021-08-23 07:49:36.000000','2021-08-23 07:49:36.000000','2021-08-23 07:49:36.000000',_binary '',_binary '',_binary '',_binary '','2021-08-23 07:49:40.921257'),(232,112,386,3,1.000000000,'2021-08-23 07:49:58.000000','2021-08-23 07:49:58.000000','2021-08-23 07:49:58.000000','2021-08-23 07:49:58.000000','2021-08-23 07:49:58.000000','2021-08-23 07:49:58.000000',_binary '',_binary '',_binary '',_binary '','2021-08-23 07:50:03.951294'),(233,113,387,3,1.000000000,'2021-08-23 07:50:06.000000','2021-08-23 07:50:06.000000','2021-08-23 07:50:06.000000','2021-08-23 07:50:06.000000','2021-08-23 07:50:06.000000','2021-08-23 07:50:06.000000',_binary '',_binary '',_binary '',_binary '','2021-08-23 07:50:11.360931'),(234,77,394,3,1.000000000,'2021-08-23 07:50:14.000000','2021-08-23 07:50:14.000000','2021-08-23 07:50:14.000000','2021-08-23 07:50:14.000000','2021-08-23 07:50:14.000000','2021-08-23 07:50:14.000000',_binary '',_binary '',_binary '',_binary '','2021-08-23 07:50:21.798529'),(235,78,395,3,1.000000000,'2021-08-23 07:50:24.000000','2021-08-23 07:50:24.000000','2021-08-23 07:50:24.000000','2021-08-23 07:50:24.000000','2021-08-23 07:50:24.000000','2021-08-23 07:50:24.000000',_binary '',_binary '',_binary '',_binary '','2021-08-23 07:50:29.232895'),(236,42,392,3,1.000000000,'2021-08-23 07:50:33.000000','2021-08-23 07:50:33.000000','2021-08-23 07:50:33.000000','2021-08-23 07:50:33.000000','2021-08-23 07:50:33.000000','2021-08-23 07:50:33.000000',_binary '',_binary '',_binary '',_binary '','2021-08-23 07:50:40.747367'),(237,30,391,3,1.000000000,'2021-08-23 07:50:43.000000','2021-08-23 07:50:43.000000','2021-08-23 07:50:43.000000','2021-08-23 07:50:43.000000','2021-08-23 07:50:43.000000','2021-08-23 07:50:43.000000',_binary '',_binary '',_binary '',_binary '','2021-08-23 07:50:50.397170'),(238,32,393,1,1.000000000,'2021-08-23 07:50:53.000000','2021-08-23 07:50:53.000000','2021-08-23 07:50:53.000000','2021-08-23 07:50:53.000000','2021-08-23 07:50:53.000000','2021-08-23 07:50:53.000000',_binary '',_binary '',_binary '',_binary '','2021-08-23 07:51:00.209933'),(239,112,398,2,1.000000000,'2021-08-23 07:51:33.000000','2021-08-23 07:51:33.000000','2021-08-23 07:51:33.000000','2021-08-23 07:51:33.000000','2021-08-23 07:51:33.000000','2021-08-23 07:51:33.000000',_binary '',_binary '',_binary '',_binary '','2021-08-23 07:51:41.960384'),(240,113,399,3,1.000000000,'2021-08-23 07:51:44.000000','2021-08-23 07:51:44.000000','2021-08-23 07:51:44.000000','2021-08-23 07:51:44.000000','2021-08-23 07:51:44.000000','2021-08-23 07:51:44.000000',_binary '',_binary '',_binary '',_binary '','2021-08-23 07:51:50.579563'),(241,78,404,3,2.000000000,'2021-08-23 07:51:53.000000','2021-08-23 07:51:53.000000','2021-08-23 07:51:53.000000','2021-08-23 07:51:53.000000','2021-08-23 07:51:53.000000','2021-08-23 07:51:53.000000',_binary '',_binary '',_binary '',_binary '','2021-08-23 07:52:00.985060'),(242,77,403,3,2.000000000,'2021-08-23 07:52:03.000000','2021-08-23 07:52:03.000000','2021-08-23 07:52:03.000000','2021-08-23 07:52:03.000000','2021-08-23 07:52:03.000000','2021-08-23 07:52:03.000000',_binary '',_binary '',_binary '',_binary '','2021-08-23 07:52:08.658622'),(243,42,406,3,1.000000000,'2021-08-23 07:52:13.000000','2021-08-23 07:52:13.000000','2021-08-23 07:52:13.000000','2021-08-23 07:52:13.000000','2021-08-23 07:52:13.000000','2021-08-23 07:52:13.000000',_binary '',_binary '',_binary '',_binary '','2021-08-23 07:52:22.031566'),(244,31,401,2,1.000000000,'2021-08-23 07:52:23.000000','2021-08-23 07:52:23.000000','2021-08-23 07:52:23.000000','2021-08-23 07:52:23.000000','2021-08-23 07:52:23.000000','2021-08-23 07:52:23.000000',_binary '',_binary '',_binary '',_binary '','2021-08-23 07:52:32.188986'),(245,30,400,1,1.000000000,'2021-08-23 07:52:35.000000','2021-08-23 07:52:35.000000','2021-08-23 07:52:35.000000','2021-08-23 07:52:35.000000','2021-08-23 07:52:35.000000','2021-08-23 07:52:35.000000',_binary '',_binary '',_binary '',_binary '','2021-08-23 07:52:40.284831'),(246,30,405,1,1.000000000,'2021-08-23 07:52:42.000000','2021-08-23 07:52:42.000000','2021-08-23 07:52:42.000000','2021-08-23 07:52:42.000000','2021-08-23 07:52:42.000000','2021-08-23 07:52:42.000000',_binary '',_binary '',_binary '',_binary '','2021-08-23 07:52:47.784698'),(247,44,402,2,1.000000000,'2021-08-23 07:52:50.000000','2021-08-23 07:52:50.000000','2021-08-23 07:52:50.000000','2021-08-23 07:52:50.000000','2021-08-23 07:52:50.000000','2021-08-23 07:52:50.000000',_binary '',_binary '',_binary '',_binary '','2021-08-23 07:52:56.992464'),(248,112,410,2,1.000000000,'2021-08-23 07:53:21.000000','2021-08-23 07:53:21.000000','2021-08-23 07:53:21.000000','2021-08-23 07:53:21.000000','2021-08-23 07:53:21.000000','2021-08-23 07:53:21.000000',_binary '',_binary '',_binary '',_binary '','2021-08-23 07:53:27.727408'),(249,113,411,3,1.000000000,'2021-08-23 07:53:30.000000','2021-08-23 07:53:30.000000','2021-08-23 07:53:30.000000','2021-08-23 07:53:30.000000','2021-08-23 07:53:30.000000','2021-08-23 07:53:30.000000',_binary '',_binary '',_binary '',_binary '','2021-08-23 07:53:36.182130'),(250,77,415,3,2.000000000,'2021-08-23 07:53:38.000000','2021-08-23 07:53:38.000000','2021-08-23 07:53:38.000000','2021-08-23 07:53:38.000000','2021-08-23 07:53:38.000000','2021-08-23 07:53:38.000000',_binary '',_binary '',_binary '',_binary '','2021-08-23 07:53:45.873622'),(251,78,416,3,2.000000000,'2021-08-23 07:53:48.000000','2021-08-23 07:53:48.000000','2021-08-23 07:53:48.000000','2021-08-23 07:53:48.000000','2021-08-23 07:53:48.000000','2021-08-23 07:53:48.000000',_binary '',_binary '',_binary '',_binary '','2021-08-23 07:53:54.677123'),(252,42,418,3,1.000000000,'2021-08-23 07:53:58.000000','2021-08-23 07:53:58.000000','2021-08-23 07:53:58.000000','2021-08-23 07:53:58.000000','2021-08-23 07:53:58.000000','2021-08-23 07:53:58.000000',_binary '',_binary '',_binary '',_binary '','2021-08-23 07:54:04.089131'),(253,31,413,3,1.000000000,'2021-08-23 07:54:07.000000','2021-08-23 07:54:07.000000','2021-08-23 07:54:07.000000','2021-08-23 07:54:07.000000','2021-08-23 07:54:07.000000','2021-08-23 07:54:07.000000',_binary '',_binary '',_binary '',_binary '','2021-08-23 07:54:14.976028'),(254,30,417,3,1.000000000,'2021-08-23 07:54:18.000000','2021-08-23 07:54:18.000000','2021-08-23 07:54:18.000000','2021-08-23 07:54:18.000000','2021-08-23 07:54:18.000000','2021-08-23 07:54:18.000000',_binary '',_binary '',_binary '',_binary '','2021-08-23 07:54:23.909391'),(255,30,412,3,1.000000000,'2021-08-23 07:54:27.000000','2021-08-23 07:54:27.000000','2021-08-23 07:54:27.000000','2021-08-23 07:54:27.000000','2021-08-23 07:54:27.000000','2021-08-23 07:54:27.000000',_binary '',_binary '',_binary '',_binary '','2021-08-23 07:54:35.129061'),(256,32,414,3,1.000000000,'2021-08-23 07:54:38.000000','2021-08-23 07:54:38.000000','2021-08-23 07:54:38.000000','2021-08-23 07:54:38.000000','2021-08-23 07:54:38.000000','2021-08-23 07:54:38.000000',_binary '',_binary '',_binary '',_binary '','2021-08-23 07:54:44.489071'),(257,112,424,3,1.000000000,'2021-08-23 07:54:58.000000','2021-08-23 07:54:58.000000','2021-08-23 07:54:58.000000','2021-08-23 07:54:58.000000','2021-08-23 07:54:58.000000','2021-08-23 07:54:58.000000',_binary '',_binary '',_binary '',_binary '','2021-08-23 07:55:04.245252'),(258,112,424,3,2.000000000,'2021-08-23 07:55:06.000000','2021-08-23 07:55:06.000000','2021-08-23 07:55:06.000000','2021-08-23 07:55:06.000000','2021-08-23 07:55:06.000000','2021-08-23 07:55:06.000000',_binary '',_binary '',_binary '',_binary '','2021-08-23 07:55:17.253419'),(259,113,425,3,3.000000000,'2021-08-23 07:55:20.000000','2021-08-23 07:55:20.000000','2021-08-23 07:55:20.000000','2021-08-23 07:55:20.000000','2021-08-23 07:55:20.000000','2021-08-23 07:55:20.000000',_binary '',_binary '',_binary '',_binary '','2021-08-23 07:55:26.103930'),(260,77,428,3,2.000000000,'2021-08-23 07:55:29.000000','2021-08-23 07:55:29.000000','2021-08-23 07:55:29.000000','2021-08-23 07:55:29.000000','2021-08-23 07:55:29.000000','2021-08-23 07:55:29.000000',_binary '',_binary '',_binary '',_binary '','2021-08-23 07:55:35.789100'),(261,78,429,2,2.000000000,'2021-08-23 07:55:38.000000','2021-08-23 07:55:38.000000','2021-08-23 07:55:38.000000','2021-08-23 07:55:38.000000','2021-08-23 07:55:38.000000','2021-08-23 07:55:38.000000',_binary '',_binary '',_binary '',_binary '','2021-08-23 07:56:00.596886'),(262,42,431,3,1.000000000,'2021-08-23 07:56:03.000000','2021-08-23 07:56:03.000000','2021-08-23 07:56:03.000000','2021-08-23 07:56:03.000000','2021-08-23 07:56:03.000000','2021-08-23 07:56:03.000000',_binary '',_binary '',_binary '',_binary '','2021-08-23 07:56:09.984726'),(263,31,427,2,1.000000000,'2021-08-23 07:56:12.000000','2021-08-23 07:56:12.000000','2021-08-23 07:56:12.000000','2021-08-23 07:56:12.000000','2021-08-23 07:56:12.000000','2021-08-23 07:56:12.000000',_binary '',_binary '',_binary '',_binary '','2021-08-23 07:56:18.992266'),(264,30,426,2,1.000000000,'2021-08-23 07:56:21.000000','2021-08-23 07:56:21.000000','2021-08-23 07:56:21.000000','2021-08-23 07:56:21.000000','2021-08-23 07:56:21.000000','2021-08-23 07:56:21.000000',_binary '',_binary '',_binary '',_binary '','2021-08-23 07:56:28.024757'),(265,30,430,2,1.000000000,'2021-08-23 07:56:31.000000','2021-08-23 07:56:31.000000','2021-08-23 07:56:31.000000','2021-08-23 07:56:31.000000','2021-08-23 07:56:31.000000','2021-08-23 07:56:31.000000',_binary '',_binary '',_binary '',_binary '','2021-08-23 07:56:38.782755'),(266,115,434,1,100.000000000,'2021-08-23 07:57:01.000000','2021-08-23 07:57:01.000000','2021-08-23 07:57:01.000000','2021-08-23 07:57:01.000000','2021-08-23 07:57:01.000000','2021-08-23 07:57:01.000000',_binary '',_binary '',_binary '',_binary '','2021-08-23 07:57:10.016585'),(267,116,850,2,85.000000000,'2021-08-23 07:57:22.000000','2021-08-23 07:57:22.000000','2021-08-23 07:57:22.000000','2021-08-23 07:57:22.000000','2021-08-23 07:57:22.000000','2021-08-23 07:57:22.000000',_binary '',_binary '',_binary '',_binary '','2021-08-23 07:57:29.158578'),(268,116,435,3,140.000000000,'2021-08-23 07:57:38.000000','2021-08-23 07:57:38.000000','2021-08-23 07:57:38.000000','2021-08-23 07:57:38.000000','2021-08-23 07:57:38.000000','2021-08-23 07:57:38.000000',_binary '',_binary '',_binary '',_binary '','2021-08-23 07:57:45.502564'),(269,116,436,2,140.000000000,'2021-08-23 07:57:54.000000','2021-08-23 07:57:54.000000','2021-08-23 07:57:54.000000','2021-08-23 07:58:15.000000','2021-08-23 07:57:54.000000','2021-08-23 07:57:54.000000',_binary '',_binary '',_binary '',_binary '','2021-08-23 07:58:04.014805'),(270,120,447,1,1.000000000,'2021-08-23 07:59:09.000000','2021-08-23 07:59:09.000000','2021-08-23 07:59:09.000000','2021-08-23 07:59:09.000000','2021-08-23 07:59:09.000000','2021-08-23 07:59:09.000000',_binary '',_binary '',_binary '',_binary '','2021-08-23 07:59:16.725041'),(271,121,448,1,1.000000000,'2021-08-23 07:59:18.000000','2021-08-23 07:59:18.000000','2021-08-23 07:59:18.000000','2021-08-23 07:59:18.000000','2021-08-23 07:59:18.000000','2021-08-23 07:59:18.000000',_binary '',_binary '',_binary '',_binary '','2021-08-23 07:59:24.856645'),(272,122,449,1,10.000000000,'2021-08-23 07:59:34.000000','2021-08-23 07:59:34.000000','2021-08-23 07:59:34.000000','2021-08-23 07:59:34.000000','2021-08-23 07:59:34.000000','2021-08-23 07:59:34.000000',_binary '',_binary '',_binary '',_binary '','2021-08-23 07:59:44.303373'),(273,124,451,2,40.000000000,'2021-08-23 07:59:51.000000','2021-08-23 07:59:51.000000','2021-08-23 07:59:51.000000','2021-08-23 07:59:51.000000','2021-08-23 07:59:51.000000','2021-08-23 07:59:51.000000',_binary '',_binary '',_binary '',_binary '','2021-08-23 08:00:00.533381'),(274,109,456,2,10.000000000,'2021-08-23 08:00:17.000000','2021-08-23 08:00:17.000000','2021-08-23 08:00:17.000000','2021-08-23 08:00:31.000000','2021-08-23 08:00:17.000000','2021-08-23 08:00:17.000000',_binary '',_binary '',_binary '',_binary '','2021-08-23 08:00:26.804686'),(275,110,457,3,15.000000000,'2021-08-23 08:00:38.000000','2021-08-23 08:00:38.000000','2021-08-23 08:00:38.000000','2021-08-23 08:00:38.000000','2021-08-23 08:00:38.000000','2021-08-23 08:00:38.000000',_binary '',_binary '',_binary '',_binary '','2021-08-23 08:00:46.757337'),(276,86,455,2,21.000000000,'2021-08-23 08:00:53.000000','2021-08-23 08:00:53.000000','2021-08-23 08:00:53.000000','2021-08-23 08:00:53.000000','2021-08-23 08:00:53.000000','2021-08-23 08:00:53.000000',_binary '',_binary '',_binary '',_binary '','2021-08-23 08:01:04.013728'),(277,84,459,3,60.000000000,'2021-08-23 08:01:24.000000','2021-08-23 08:01:24.000000','2021-08-23 08:01:24.000000','2021-08-23 08:01:24.000000','2021-08-23 08:01:24.000000','2021-08-23 08:01:24.000000',_binary '',_binary '',_binary '',_binary '','2021-08-23 08:01:35.416783'),(278,116,461,3,100.000000000,'2021-08-23 08:01:46.000000','2021-08-23 08:01:46.000000','2021-08-23 08:01:46.000000','2021-08-23 08:01:46.000000','2021-08-23 08:01:46.000000','2021-08-23 08:01:46.000000',_binary '',_binary '',_binary '',_binary '','2021-08-23 08:01:52.500305'),(279,116,462,3,100.000000000,'2021-08-23 08:02:00.000000','2021-08-23 08:02:00.000000','2021-08-23 08:02:00.000000','2021-08-23 08:02:00.000000','2021-08-23 08:02:00.000000','2021-08-23 08:02:00.000000',_binary '',_binary '',_binary '',_binary '','2021-08-23 08:02:07.878255'),(280,116,463,3,100.000000000,'2021-08-23 08:02:16.000000','2021-08-23 08:02:16.000000','2021-08-23 08:02:16.000000','2021-08-23 08:02:30.000000','2021-08-23 08:02:16.000000','2021-08-23 08:02:16.000000',_binary '',_binary '',_binary '',_binary '','2021-08-23 08:02:24.887840'),(281,195,851,3,20.000000000,'2021-08-23 08:02:44.000000','2021-08-23 08:02:44.000000','2021-08-23 08:02:44.000000','2021-08-23 08:02:44.000000','2021-08-23 08:02:44.000000','2021-08-23 08:02:44.000000',_binary '',_binary '',_binary '',_binary '','2021-08-23 08:02:52.821409'),(282,122,471,3,10.000000000,'2021-08-23 08:03:03.000000','2021-08-23 08:03:03.000000','2021-08-23 08:03:03.000000','2021-08-23 08:03:03.000000','2021-08-23 08:03:03.000000','2021-08-23 08:03:03.000000',_binary '',_binary '',_binary '',_binary '','2021-08-23 08:03:10.813891'),(283,124,467,3,60.000000000,'2021-08-23 08:03:16.000000','2021-08-23 08:03:16.000000','2021-08-23 08:03:16.000000','2021-08-23 08:03:16.000000','2021-08-23 08:03:16.000000','2021-08-23 08:03:16.000000',_binary '',_binary '',_binary '',_binary '','2021-08-23 08:03:25.591158'),(284,127,469,2,60.000000000,'2021-08-23 08:03:32.000000','2021-08-23 08:03:32.000000','2021-08-23 08:03:32.000000','2021-08-23 08:03:32.000000','2021-08-23 08:03:32.000000','2021-08-23 08:03:32.000000',_binary '',_binary '',_binary '',_binary '','2021-08-23 08:03:43.815272'),(285,126,468,2,60.000000000,'2021-08-23 08:03:48.000000','2021-08-23 08:03:48.000000','2021-08-23 08:03:48.000000','2021-08-23 08:03:48.000000','2021-08-23 08:03:48.000000','2021-08-23 08:03:48.000000',_binary '',_binary '',_binary '',_binary '','2021-08-23 08:04:00.260116'),(286,42,483,2,1.000000000,'2021-08-23 08:04:14.000000','2021-08-23 08:04:14.000000','2021-08-23 08:04:14.000000','2021-08-23 08:04:14.000000','2021-08-23 08:04:14.000000','2021-08-23 08:04:14.000000',_binary '',_binary '',_binary '',_binary '','2021-08-23 08:04:22.025020'),(287,31,477,2,1.000000000,'2021-08-23 08:04:25.000000','2021-08-23 08:04:25.000000','2021-08-23 08:04:25.000000','2021-08-23 08:04:25.000000','2021-08-23 08:04:25.000000','2021-08-23 08:04:25.000000',_binary '',_binary '',_binary '',_binary '','2021-08-23 08:04:32.988066'),(288,30,476,2,1.000000000,'2021-08-23 08:04:35.000000','2021-08-23 08:04:35.000000','2021-08-23 08:04:35.000000','2021-08-23 08:04:35.000000','2021-08-23 08:04:35.000000','2021-08-23 08:04:35.000000',_binary '',_binary '',_binary '',_binary '','2021-08-23 08:04:51.695148'),(289,30,482,1,1.000000000,'2021-08-23 08:04:54.000000','2021-08-23 08:04:54.000000','2021-08-23 08:04:54.000000','2021-08-23 08:04:54.000000','2021-08-23 08:04:54.000000','2021-08-23 08:04:54.000000',_binary '',_binary '',_binary '',_binary '','2021-08-23 08:05:01.031097'),(290,32,478,3,1.000000000,'2021-08-23 08:05:03.000000','2021-08-23 08:05:03.000000','2021-08-23 08:05:03.000000','2021-08-23 08:05:03.000000','2021-08-23 08:05:03.000000','2021-08-23 08:05:03.000000',_binary '',_binary '',_binary '',_binary '','2021-08-23 08:05:10.578911'),(291,112,472,1,2.000000000,'2021-08-23 08:05:17.000000','2021-08-23 08:05:17.000000','2021-08-23 08:05:17.000000','2021-08-23 08:05:17.000000','2021-08-23 08:05:17.000000','2021-08-23 08:05:17.000000',_binary '',_binary '',_binary '',_binary '','2021-08-23 08:05:24.871084'),(292,113,473,1,2.000000000,'2021-08-23 08:05:28.000000','2021-08-23 08:05:28.000000','2021-08-23 08:05:28.000000','2021-08-23 08:05:28.000000','2021-08-23 08:05:28.000000','2021-08-23 08:05:28.000000',_binary '',_binary '',_binary '',_binary '','2021-08-23 08:05:34.058016'),(293,77,479,1,2.000000000,'2021-08-23 08:05:36.000000','2021-08-23 08:05:36.000000','2021-08-23 08:05:36.000000','2021-08-23 08:05:36.000000','2021-08-23 08:05:36.000000','2021-08-23 08:05:36.000000',_binary '',_binary '',_binary '',_binary '','2021-08-23 08:05:43.747259'),(294,78,480,2,2.000000000,'2021-08-23 08:05:46.000000','2021-08-23 08:05:46.000000','2021-08-23 08:05:46.000000','2021-08-23 08:05:46.000000','2021-08-23 08:05:46.000000','2021-08-23 08:05:46.000000',_binary '',_binary '',_binary '',_binary '','2021-08-23 08:05:53.691243'),(295,42,495,3,1.000000000,'2021-08-23 08:06:08.000000','2021-08-23 08:06:08.000000','2021-08-23 08:06:08.000000','2021-08-23 08:06:08.000000','2021-08-23 08:06:08.000000','2021-08-23 08:06:08.000000',_binary '',_binary '',_binary '',_binary '','2021-08-23 08:06:15.973610'),(296,31,489,2,1.000000000,'2021-08-23 08:06:18.000000','2021-08-23 08:06:18.000000','2021-08-23 08:06:18.000000','2021-08-23 08:06:18.000000','2021-08-23 08:06:18.000000','2021-08-23 08:06:18.000000',_binary '',_binary '',_binary '',_binary '','2021-08-23 08:06:25.090273'),(297,30,488,1,1.000000000,'2021-08-23 08:06:27.000000','2021-08-23 08:06:27.000000','2021-08-23 08:06:27.000000','2021-08-23 08:06:27.000000','2021-08-23 08:06:27.000000','2021-08-23 08:06:27.000000',_binary '',_binary '',_binary '',_binary '','2021-08-23 08:06:34.102021'),(298,30,494,2,1.000000000,'2021-08-23 08:06:37.000000','2021-08-23 08:06:37.000000','2021-08-23 08:06:37.000000','2021-08-23 08:06:37.000000','2021-08-23 08:06:37.000000','2021-08-23 08:06:37.000000',_binary '',_binary '',_binary '',_binary '','2021-08-23 08:06:45.093800'),(299,44,490,1,1.000000000,'2021-08-23 08:06:47.000000','2021-08-23 08:06:47.000000','2021-08-23 08:06:47.000000','2021-08-23 08:06:47.000000','2021-08-23 08:06:47.000000','2021-08-23 08:06:47.000000',_binary '',_binary '',_binary '',_binary '','2021-08-23 08:06:53.749866'),(300,32,496,3,1.000000000,'2021-08-23 08:06:56.000000','2021-08-23 08:06:56.000000','2021-08-23 08:06:56.000000','2021-08-23 08:06:56.000000','2021-08-23 08:06:56.000000','2021-08-23 08:06:56.000000',_binary '',_binary '',_binary '',_binary '','2021-08-23 08:07:03.035010'),(301,48,497,3,1.000000000,'2021-08-23 08:07:05.000000','2021-08-23 08:07:05.000000','2021-08-23 08:07:05.000000','2021-08-23 08:07:05.000000','2021-08-23 08:07:05.000000','2021-08-23 08:07:05.000000',_binary '',_binary '',_binary '',_binary '','2021-08-23 08:07:12.408119'),(302,131,486,1,1.000000000,'2021-08-23 08:07:23.000000','2021-08-23 08:07:23.000000','2021-08-23 08:07:23.000000','2021-08-23 08:07:23.000000','2021-08-23 08:07:23.000000','2021-08-23 08:07:23.000000',_binary '',_binary '',_binary '',_binary '','2021-08-23 08:07:29.206835'),(303,132,487,2,1.000000000,'2021-08-23 08:07:32.000000','2021-08-23 08:07:32.000000','2021-08-23 08:07:32.000000','2021-08-23 08:07:32.000000','2021-08-23 08:07:32.000000','2021-08-23 08:07:32.000000',_binary '',_binary '',_binary '',_binary '','2021-08-23 08:07:38.067980'),(304,112,499,3,1.000000000,'2021-08-23 08:07:40.000000','2021-08-23 08:07:40.000000','2021-08-23 08:07:40.000000','2021-08-23 08:07:40.000000','2021-08-23 08:07:40.000000','2021-08-23 08:07:40.000000',_binary '',_binary '',_binary '',_binary '','2021-08-23 08:07:58.606775'),(305,113,500,1,1.000000000,'2021-08-23 08:08:01.000000','2021-08-23 08:08:01.000000','2021-08-23 08:08:01.000000','2021-08-23 08:08:01.000000','2021-08-23 08:08:01.000000','2021-08-23 08:08:01.000000',_binary '',_binary '',_binary '',_binary '','2021-08-23 08:08:07.652947'),(306,77,491,3,2.000000000,'2021-08-23 08:08:10.000000','2021-08-23 08:08:10.000000','2021-08-23 08:08:10.000000','2021-08-23 08:08:10.000000','2021-08-23 08:08:10.000000','2021-08-23 08:08:10.000000',_binary '',_binary '',_binary '',_binary '','2021-08-23 08:08:17.454441'),(307,78,492,1,2.000000000,'2021-08-23 08:08:19.000000','2021-08-23 08:08:19.000000','2021-08-23 08:08:19.000000','2021-08-23 08:08:19.000000','2021-08-23 08:08:19.000000','2021-08-23 08:08:19.000000',_binary '',_binary '',_binary '',_binary '','2021-08-23 08:08:26.560898'),(308,31,508,3,1.000000000,'2021-08-23 08:08:55.000000','2021-08-23 08:08:55.000000','2021-08-23 08:08:55.000000','2021-08-23 08:08:55.000000','2021-08-23 08:08:55.000000','2021-08-23 08:08:55.000000',_binary '',_binary '',_binary '',_binary '','2021-08-23 08:09:02.277301'),(309,30,507,3,1.000000000,'2021-08-23 08:09:10.000000','2021-08-23 08:09:10.000000','2021-08-23 08:09:10.000000','2021-08-23 08:09:10.000000','2021-08-23 08:09:10.000000','2021-08-23 08:09:10.000000',_binary '',_binary '',_binary '',_binary '','2021-08-23 08:09:15.095312'),(310,32,509,3,1.000000000,'2021-08-23 08:09:19.000000','2021-08-23 08:09:19.000000','2021-08-23 08:09:19.000000','2021-08-23 08:09:19.000000','2021-08-23 08:09:19.000000','2021-08-23 08:09:19.000000',_binary '',_binary '',_binary '',_binary '','2021-08-23 08:09:24.718631'),(311,78,511,3,1.000000000,'2021-08-23 08:09:33.000000','2021-08-23 08:09:33.000000','2021-08-23 08:09:33.000000','2021-08-23 08:09:33.000000','2021-08-23 08:09:33.000000','2021-08-23 08:09:33.000000',_binary '',_binary '',_binary '',_binary '','2021-08-23 08:09:40.005953'),(312,77,510,2,1.000000000,'2021-08-23 08:09:43.000000','2021-08-23 08:09:43.000000','2021-08-23 08:09:43.000000','2021-08-23 08:09:43.000000','2021-08-23 08:09:43.000000','2021-08-23 08:09:43.000000',_binary '',_binary '',_binary '',_binary '','2021-08-23 08:09:49.941453'),(313,113,502,1,2.000000000,'2021-08-23 08:09:54.000000','2021-08-23 08:09:54.000000','2021-08-23 08:09:54.000000','2021-08-23 08:09:54.000000','2021-08-23 08:09:54.000000','2021-08-23 08:09:54.000000',_binary '',_binary '',_binary '',_binary '','2021-08-23 08:10:01.415279'),(314,112,501,3,2.000000000,'2021-08-23 08:10:04.000000','2021-08-23 08:10:04.000000','2021-08-23 08:10:04.000000','2021-08-23 08:10:04.000000','2021-08-23 08:10:04.000000','2021-08-23 08:10:04.000000',_binary '',_binary '',_binary '',_binary '','2021-08-23 08:10:10.086439'),(315,42,523,3,1.000000000,'2021-08-23 08:10:27.000000','2021-08-23 08:10:27.000000','2021-08-23 08:10:27.000000','2021-08-23 08:10:27.000000','2021-08-23 08:10:27.000000','2021-08-23 08:10:27.000000',_binary '',_binary '',_binary '',_binary '','2021-08-23 08:10:34.278044'),(316,31,518,3,1.000000000,'2021-08-23 08:10:37.000000','2021-08-23 08:10:37.000000','2021-08-23 08:10:37.000000','2021-08-23 08:10:37.000000','2021-08-23 08:10:37.000000','2021-08-23 08:10:37.000000',_binary '',_binary '',_binary '',_binary '','2021-08-23 08:10:43.847518'),(317,30,517,3,1.000000000,'2021-08-23 08:10:47.000000','2021-08-23 08:10:47.000000','2021-08-23 08:10:47.000000','2021-08-23 08:10:47.000000','2021-08-23 08:10:47.000000','2021-08-23 08:10:47.000000',_binary '',_binary '',_binary '',_binary '','2021-08-23 08:10:53.494032'),(318,30,522,3,1.000000000,'2021-08-23 08:10:55.000000','2021-08-23 08:10:55.000000','2021-08-23 08:10:55.000000','2021-08-23 08:10:55.000000','2021-08-23 08:10:55.000000','2021-08-23 08:10:55.000000',_binary '',_binary '',_binary '',_binary '','2021-08-23 08:11:01.140909'),(319,32,519,3,1.000000000,'2021-08-23 08:11:03.000000','2021-08-23 08:11:03.000000','2021-08-23 08:11:03.000000','2021-08-23 08:11:03.000000','2021-08-23 08:11:03.000000','2021-08-23 08:11:03.000000',_binary '',_binary '',_binary '',_binary '','2021-08-23 08:11:09.230597'),(320,112,524,3,1.000000000,'2021-08-23 08:11:13.000000','2021-08-23 08:11:13.000000','2021-08-23 08:11:13.000000','2021-08-23 08:11:13.000000','2021-08-23 08:11:13.000000','2021-08-23 08:11:13.000000',_binary '',_binary '',_binary '',_binary '','2021-08-23 08:11:19.938391'),(321,113,525,1,1.000000000,'2021-08-23 08:11:22.000000','2021-08-23 08:11:22.000000','2021-08-23 08:11:22.000000','2021-08-23 08:11:22.000000','2021-08-23 08:11:22.000000','2021-08-23 08:11:22.000000',_binary '',_binary '',_binary '',_binary '','2021-08-23 08:11:29.693479'),(322,77,520,2,2.000000000,'2021-08-23 08:11:33.000000','2021-08-23 08:11:33.000000','2021-08-23 08:11:33.000000','2021-08-23 08:11:33.000000','2021-08-23 08:11:33.000000','2021-08-23 08:11:33.000000',_binary '',_binary '',_binary '',_binary '','2021-08-23 08:11:40.874343'),(323,78,521,2,2.000000000,'2021-08-23 08:11:43.000000','2021-08-23 08:11:43.000000','2021-08-23 08:11:43.000000','2021-08-23 08:11:43.000000','2021-08-23 08:11:43.000000','2021-08-23 08:11:43.000000',_binary '',_binary '',_binary '',_binary '','2021-08-23 08:11:51.538114'),(324,42,536,2,1.000000000,'2021-08-23 08:12:08.000000','2021-08-23 08:12:08.000000','2021-08-23 08:12:08.000000','2021-08-23 08:12:08.000000','2021-08-23 08:12:08.000000','2021-08-23 08:12:08.000000',_binary '',_binary '',_binary '',_binary '','2021-08-23 08:12:14.524955'),(325,31,531,1,1.000000000,'2021-08-23 08:12:17.000000','2021-08-23 08:12:17.000000','2021-08-23 08:12:17.000000','2021-08-23 08:12:17.000000','2021-08-23 08:12:17.000000','2021-08-23 08:12:17.000000',_binary '',_binary '',_binary '',_binary '','2021-08-23 08:12:24.395097'),(326,30,535,2,1.000000000,'2021-08-23 08:12:26.000000','2021-08-23 08:12:26.000000','2021-08-23 08:12:26.000000','2021-08-23 08:12:26.000000','2021-08-23 08:12:26.000000','2021-08-23 08:12:26.000000',_binary '',_binary '',_binary '',_binary '','2021-08-23 08:12:34.011866'),(327,30,530,3,1.000000000,'2021-08-23 08:12:35.000000','2021-08-23 08:12:35.000000','2021-08-23 08:12:35.000000','2021-08-23 08:14:10.000000','2021-08-23 08:12:35.000000','2021-08-23 08:12:35.000000',_binary '',_binary '',_binary '',_binary '','2021-08-23 08:12:42.266266'),(328,32,537,3,1.000000000,'2021-08-23 08:12:46.000000','2021-08-23 08:12:46.000000','2021-08-23 08:12:46.000000','2021-08-23 08:12:46.000000','2021-08-23 08:12:46.000000','2021-08-23 08:12:46.000000',_binary '',_binary '',_binary '',_binary '','2021-08-23 08:12:52.594328'),(329,32,532,3,1.000000000,'2021-08-23 08:12:55.000000','2021-08-23 08:12:55.000000','2021-08-23 08:12:55.000000','2021-08-23 08:12:55.000000','2021-08-23 08:12:55.000000','2021-08-23 08:12:55.000000',_binary '',_binary '',_binary '',_binary '','2021-08-23 08:13:02.189568'),(330,131,538,3,1.000000000,'2021-08-23 08:13:05.000000','2021-08-23 08:13:05.000000','2021-08-23 08:13:05.000000','2021-08-23 08:13:05.000000','2021-08-23 08:13:05.000000','2021-08-23 08:13:05.000000',_binary '',_binary '',_binary '',_binary '','2021-08-23 08:13:11.177679'),(331,132,539,3,1.000000000,'2021-08-23 08:13:13.000000','2021-08-23 08:13:13.000000','2021-08-23 08:13:13.000000','2021-08-23 08:13:13.000000','2021-08-23 08:13:13.000000','2021-08-23 08:13:13.000000',_binary '',_binary '',_binary '',_binary '','2021-08-23 08:13:20.109836'),(332,112,526,3,1.000000000,'2021-08-23 08:13:22.000000','2021-08-23 08:13:22.000000','2021-08-23 08:13:22.000000','2021-08-23 08:13:22.000000','2021-08-23 08:13:22.000000','2021-08-23 08:13:22.000000',_binary '',_binary '',_binary '',_binary '','2021-08-23 08:13:27.946788'),(333,113,527,3,1.000000000,'2021-08-23 08:13:30.000000','2021-08-23 08:13:30.000000','2021-08-23 08:13:30.000000','2021-08-23 08:13:30.000000','2021-08-23 08:13:30.000000','2021-08-23 08:13:30.000000',_binary '',_binary '',_binary '',_binary '','2021-08-23 08:13:36.736834'),(334,77,533,3,1.000000000,'2021-08-23 08:13:39.000000','2021-08-23 08:13:39.000000','2021-08-23 08:13:39.000000','2021-08-23 08:13:39.000000','2021-08-23 08:13:39.000000','2021-08-23 08:13:39.000000',_binary '',_binary '',_binary '',_binary '','2021-08-23 08:13:46.092529'),(335,77,533,3,1.000000000,'2021-08-23 08:13:52.000000','2021-08-23 08:13:52.000000','2021-08-23 08:13:52.000000','2021-08-23 08:13:52.000000','2021-08-23 08:13:52.000000','2021-08-23 08:13:52.000000',_binary '',_binary '',_binary '',_binary '','2021-08-23 08:13:58.307329'),(336,78,534,3,2.000000000,'2021-08-23 08:14:00.000000','2021-08-23 08:14:00.000000','2021-08-23 08:14:00.000000','2021-08-23 08:14:00.000000','2021-08-23 08:14:00.000000','2021-08-23 08:14:00.000000',_binary '',_binary '',_binary '',_binary '','2021-08-23 08:14:06.195686'),(337,122,543,3,10.000000000,'2021-08-23 08:14:27.000000','2021-08-23 08:14:27.000000','2021-08-23 08:14:27.000000','2021-08-23 08:14:27.000000','2021-08-23 08:14:27.000000','2021-08-23 08:14:27.000000',_binary '',_binary '',_binary '',_binary '','2021-08-23 08:14:34.640857'),(338,124,540,3,30.000000000,'2021-08-23 08:14:46.000000','2021-08-23 08:14:46.000000','2021-08-23 08:14:46.000000','2021-08-23 08:14:46.000000','2021-08-23 08:14:46.000000','2021-08-23 08:14:46.000000',_binary '',_binary '',_binary '',_binary '','2021-08-23 08:14:54.779111'),(339,127,542,2,30.000000000,'2021-08-23 08:15:01.000000','2021-08-23 08:15:01.000000','2021-08-23 08:15:01.000000','2021-08-23 08:15:01.000000','2021-08-23 08:15:01.000000','2021-08-23 08:15:01.000000',_binary '',_binary '',_binary '',_binary '','2021-08-23 08:15:10.481294'),(340,126,541,2,30.000000000,'2021-08-23 08:15:12.000000','2021-08-23 08:15:12.000000','2021-08-23 08:15:12.000000','2021-08-23 08:15:12.000000','2021-08-23 08:15:12.000000','2021-08-23 08:15:12.000000',_binary '',_binary '',_binary '',_binary '','2021-08-23 08:15:21.265343'),(341,138,852,1,1.000000000,'2021-08-23 08:15:45.000000','2021-08-23 08:15:45.000000','2021-08-23 08:15:45.000000','2021-08-23 08:15:45.000000','2021-08-23 08:15:45.000000','2021-08-23 08:15:45.000000',_binary '',_binary '',_binary '',_binary '','2021-08-23 08:15:52.914535'),(342,74,547,1,4.000000000,'2021-08-23 08:15:55.000000','2021-08-23 08:15:55.000000','2021-08-23 08:15:55.000000','2021-08-23 08:15:55.000000','2021-08-23 08:15:55.000000','2021-08-23 08:15:55.000000',_binary '',_binary '',_binary '',_binary '','2021-08-23 08:16:01.067561'),(343,74,568,1,8.000000000,'2021-08-23 08:16:12.000000','2021-08-23 08:16:12.000000','2021-08-23 08:16:12.000000','2021-08-23 08:16:12.000000','2021-08-23 08:16:12.000000','2021-08-23 08:16:12.000000',_binary '',_binary '',_binary '',_binary '','2021-08-23 08:16:19.845024'),(344,139,572,1,10.000000000,'2021-08-23 08:16:30.000000','2021-08-23 08:16:30.000000','2021-08-23 08:16:30.000000','2021-08-23 08:16:30.000000','2021-08-23 08:16:30.000000','2021-08-23 08:16:30.000000',_binary '',_binary '',_binary '',_binary '','2021-08-23 08:16:37.754733'),(345,142,854,3,7.000000000,'2021-08-23 08:16:50.000000','2021-08-23 08:16:50.000000','2021-08-23 08:16:50.000000','2021-08-23 08:16:50.000000','2021-08-23 08:16:50.000000','2021-08-23 08:16:50.000000',_binary '',_binary '',_binary '',_binary '','2021-08-23 08:17:00.619069'),(346,48,584,1,1.000000000,'2021-08-23 08:17:25.000000','2021-08-23 08:17:25.000000','2021-08-23 08:17:25.000000','2021-08-23 08:17:25.000000','2021-08-23 08:17:25.000000','2021-08-23 08:17:25.000000',_binary '',_binary '',_binary '',_binary '','2021-08-23 08:17:32.527992'),(347,48,583,1,1.000000000,'2021-08-23 08:17:35.000000','2021-08-23 08:17:35.000000','2021-08-23 08:17:35.000000','2021-08-23 08:17:35.000000','2021-08-23 08:17:35.000000','2021-08-23 08:17:35.000000',_binary '',_binary '',_binary '',_binary '','2021-08-23 08:17:41.077344'),(348,48,595,1,1.000000000,'2021-08-23 08:17:56.000000','2021-08-23 08:17:56.000000','2021-08-23 08:17:56.000000','2021-08-23 08:17:56.000000','2021-08-23 08:17:56.000000','2021-08-23 08:17:56.000000',_binary '',_binary '',_binary '',_binary '','2021-08-23 08:18:04.311166'),(349,48,596,1,2.000000000,'2021-08-23 08:18:14.000000','2021-08-23 08:18:14.000000','2021-08-23 08:18:14.000000','2021-08-23 08:18:14.000000','2021-08-23 08:18:14.000000','2021-08-23 08:18:14.000000',_binary '',_binary '',_binary '',_binary '','2021-08-23 08:18:27.565465'),(350,48,598,1,1.000000000,'2021-08-23 08:18:31.000000','2021-08-23 08:18:31.000000','2021-08-23 08:18:31.000000','2021-08-23 08:18:31.000000','2021-08-23 08:18:31.000000','2021-08-23 08:18:31.000000',_binary '',_binary '',_binary '',_binary '','2021-08-23 08:18:45.384929'),(351,42,600,3,1.000000000,'2021-08-23 08:18:53.000000','2021-08-23 08:18:53.000000','2021-08-23 08:18:53.000000','2021-08-23 08:18:53.000000','2021-08-23 08:18:53.000000','2021-08-23 08:18:53.000000',_binary '',_binary '',_binary '',_binary '','2021-08-23 08:18:58.919846'),(352,30,599,3,1.000000000,'2021-08-23 08:19:00.000000','2021-08-23 08:19:00.000000','2021-08-23 08:19:00.000000','2021-08-23 08:19:00.000000','2021-08-23 08:19:00.000000','2021-08-23 08:19:00.000000',_binary '',_binary '',_binary '',_binary '','2021-08-23 08:19:06.759843'),(353,42,615,3,1.000000000,'2021-08-23 08:19:19.000000','2021-08-23 08:19:19.000000','2021-08-23 08:19:19.000000','2021-08-23 08:19:19.000000','2021-08-23 08:19:19.000000','2021-08-23 08:19:19.000000',_binary '',_binary '',_binary '',_binary '','2021-08-23 08:19:24.788476'),(354,31,607,1,1.000000000,'2021-08-23 08:19:27.000000','2021-08-23 08:19:27.000000','2021-08-23 08:19:27.000000','2021-08-23 08:19:27.000000','2021-08-23 08:19:27.000000','2021-08-23 08:19:27.000000',_binary '',_binary '',_binary '',_binary '','2021-08-23 08:19:34.768227'),(355,30,606,1,1.000000000,'2021-08-23 08:19:37.000000','2021-08-23 08:19:37.000000','2021-08-23 08:19:37.000000','2021-08-23 08:19:37.000000','2021-08-23 08:19:37.000000','2021-08-23 08:19:37.000000',_binary '',_binary '',_binary '',_binary '','2021-08-23 08:19:45.493257'),(356,30,614,3,1.000000000,'2021-08-23 08:19:47.000000','2021-08-23 08:19:47.000000','2021-08-23 08:19:47.000000','2021-08-23 08:19:47.000000','2021-08-23 08:19:47.000000','2021-08-23 08:19:47.000000',_binary '',_binary '',_binary '',_binary '','2021-08-23 08:19:54.364575'),(357,32,608,3,1.000000000,'2021-08-23 08:19:56.000000','2021-08-23 08:19:56.000000','2021-08-23 08:19:56.000000','2021-08-23 08:19:56.000000','2021-08-23 08:19:56.000000','2021-08-23 08:19:56.000000',_binary '',_binary '',_binary '',_binary '','2021-08-23 08:20:04.651394'),(358,145,653,3,2.000000000,'2021-08-23 08:20:35.000000','2021-08-23 08:20:35.000000','2021-08-23 08:20:35.000000','2021-08-23 08:20:35.000000','2021-08-23 08:20:35.000000','2021-08-23 08:20:35.000000',_binary '',_binary '',_binary '',_binary '','2021-08-23 08:20:42.953950'),(359,146,654,3,2.000000000,'2021-08-23 08:20:45.000000','2021-08-23 08:20:45.000000','2021-08-23 08:20:45.000000','2021-08-23 08:20:45.000000','2021-08-23 08:20:45.000000','2021-08-23 08:20:45.000000',_binary '',_binary '',_binary '',_binary '','2021-08-23 08:20:50.444732'),(360,147,655,3,2.000000000,'2021-08-23 08:20:59.000000','2021-08-23 08:20:59.000000','2021-08-23 08:20:59.000000','2021-08-23 08:20:59.000000','2021-08-23 08:20:59.000000','2021-08-23 08:20:59.000000',_binary '',_binary '',_binary '',_binary '','2021-08-23 08:21:05.987397'),(361,48,127,1,1.000000000,'2021-08-23 09:54:57.000000','2021-08-23 09:54:57.000000','2021-08-23 09:54:57.000000','2021-08-23 09:54:57.000000','2021-08-23 09:54:57.000000','2021-08-23 09:54:57.000000',_binary '',_binary '',_binary '',_binary '','2021-08-23 09:55:06.112751'),(362,48,119,1,1.000000000,'2021-08-23 09:55:09.000000','2021-08-23 09:55:09.000000','2021-08-23 09:55:09.000000','2021-08-23 09:55:09.000000','2021-08-23 09:55:09.000000','2021-08-23 09:55:09.000000',_binary '',_binary '',_binary '',_binary '','2021-08-23 09:55:18.458349'),(363,48,112,1,1.000000000,'2021-08-23 09:55:22.000000','2021-08-23 09:55:22.000000','2021-08-23 09:55:22.000000','2021-08-23 09:55:22.000000','2021-08-23 09:55:22.000000','2021-08-23 09:55:22.000000',_binary '',_binary '',_binary '',_binary '','2021-08-23 09:55:28.920754'),(364,48,104,1,1.000000000,'2021-08-23 09:55:31.000000','2021-08-23 09:55:31.000000','2021-08-23 09:55:31.000000','2021-08-23 09:55:31.000000','2021-08-23 09:55:31.000000','2021-08-23 09:55:31.000000',_binary '',_binary '',_binary '',_binary '','2021-08-23 09:55:37.080287'),(365,48,226,1,1.000000000,'2021-08-23 09:55:39.000000','2021-08-23 09:55:39.000000','2021-08-23 09:55:39.000000','2021-08-23 09:55:39.000000','2021-08-23 09:55:39.000000','2021-08-23 09:55:39.000000',_binary '',_binary '',_binary '',_binary '','2021-08-23 09:55:46.672634'),(366,48,210,1,1.000000000,'2021-08-23 09:55:49.000000','2021-08-23 09:55:49.000000','2021-08-23 09:55:49.000000','2021-08-23 09:55:49.000000','2021-08-23 09:55:49.000000','2021-08-23 09:55:49.000000',_binary '',_binary '',_binary '',_binary '','2021-08-23 09:55:56.825170'),(367,48,205,1,2.000000000,'2021-08-23 09:55:59.000000','2021-08-23 09:55:59.000000','2021-08-23 09:55:59.000000','2021-08-23 09:55:59.000000','2021-08-23 09:55:59.000000','2021-08-23 09:55:59.000000',_binary '',_binary '',_binary '',_binary '','2021-08-23 09:56:09.042332'),(368,48,197,1,2.000000000,'2021-08-23 09:56:13.000000','2021-08-23 09:56:13.000000','2021-08-23 09:56:13.000000','2021-08-23 09:56:13.000000','2021-08-23 09:56:13.000000','2021-08-23 09:56:13.000000',_binary '',_binary '',_binary '',_binary '','2021-08-23 09:56:20.466392'),(369,48,195,1,1.000000000,'2021-08-23 09:56:23.000000','2021-08-23 09:56:23.000000','2021-08-23 09:56:23.000000','2021-08-23 09:56:23.000000','2021-08-23 09:56:23.000000','2021-08-23 09:56:23.000000',_binary '',_binary '',_binary '',_binary '','2021-08-23 09:56:32.665340'),(370,48,343,1,2.000000000,'2021-08-23 09:56:36.000000','2021-08-23 09:56:36.000000','2021-08-23 09:56:36.000000','2021-08-23 09:56:36.000000','2021-08-23 09:56:36.000000','2021-08-23 09:56:36.000000',_binary '',_binary '',_binary '',_binary '','2021-08-23 09:56:42.916425'),(371,48,333,1,1.000000000,'2021-08-23 09:56:46.000000','2021-08-23 09:56:46.000000','2021-08-23 09:56:46.000000','2021-08-23 09:56:46.000000','2021-08-23 09:56:46.000000','2021-08-23 09:56:46.000000',_binary '',_binary '',_binary '',_binary '','2021-08-23 09:56:52.681081'),(372,48,324,1,3.000000000,'2021-08-23 09:56:56.000000','2021-08-23 09:56:56.000000','2021-08-23 09:56:56.000000','2021-08-23 09:56:56.000000','2021-08-23 09:56:56.000000','2021-08-23 09:56:56.000000',_binary '',_binary '',_binary '',_binary '','2021-08-23 09:57:03.730373'),(373,48,315,1,1.000000000,'2021-08-23 09:57:06.000000','2021-08-23 09:57:06.000000','2021-08-23 09:57:06.000000','2021-08-23 09:57:06.000000','2021-08-23 09:57:06.000000','2021-08-23 09:57:06.000000',_binary '',_binary '',_binary '',_binary '','2021-08-23 09:57:12.054240'),(374,48,250,1,1.000000000,'2021-08-23 09:57:16.000000','2021-08-23 09:57:16.000000','2021-08-23 09:57:16.000000','2021-08-23 09:57:16.000000','2021-08-23 09:57:16.000000','2021-08-23 09:57:16.000000',_binary '',_binary '',_binary '',_binary '','2021-08-23 09:57:22.923654'),(375,48,432,1,1.000000000,'2021-08-23 09:57:27.000000','2021-08-23 09:57:27.000000','2021-08-23 09:57:27.000000','2021-08-23 09:57:27.000000','2021-08-23 09:57:27.000000','2021-08-23 09:57:27.000000',_binary '',_binary '',_binary '',_binary '','2021-08-23 09:57:34.399138'),(376,48,421,1,1.000000000,'2021-08-23 09:57:37.000000','2021-08-23 09:57:37.000000','2021-08-23 09:57:37.000000','2021-08-23 09:57:37.000000','2021-08-23 09:57:37.000000','2021-08-23 09:57:37.000000',_binary '',_binary '',_binary '',_binary '','2021-08-23 09:57:43.302988'),(377,48,419,1,1.000000000,'2021-08-23 09:57:47.000000','2021-08-23 09:57:47.000000','2021-08-23 09:57:47.000000','2021-08-23 09:57:47.000000','2021-08-23 09:57:47.000000','2021-08-23 09:57:47.000000',_binary '',_binary '',_binary '',_binary '','2021-08-23 09:57:53.508754'),(378,48,407,1,1.000000000,'2021-08-23 09:57:57.000000','2021-08-23 09:57:57.000000','2021-08-23 09:57:57.000000','2021-08-23 09:57:57.000000','2021-08-23 09:57:57.000000','2021-08-23 09:57:57.000000',_binary '',_binary '',_binary '',_binary '','2021-08-23 09:58:05.004047'),(379,48,408,1,1.000000000,'2021-08-23 09:58:09.000000','2021-08-23 09:58:09.000000','2021-08-23 09:58:09.000000','2021-08-23 09:58:09.000000','2021-08-23 09:58:09.000000','2021-08-23 09:58:09.000000',_binary '',_binary '',_binary '',_binary '','2021-08-23 09:58:17.380600'),(380,48,388,1,1.000000000,'2021-08-23 09:58:21.000000','2021-08-23 09:58:21.000000','2021-08-23 09:58:21.000000','2021-08-23 09:58:21.000000','2021-08-23 09:58:21.000000','2021-08-23 09:58:21.000000',_binary '',_binary '',_binary '',_binary '','2021-08-23 09:58:29.778410'),(381,48,389,1,3.000000000,'2021-08-23 09:58:32.000000','2021-08-23 09:58:32.000000','2021-08-23 09:58:32.000000','2021-08-23 09:58:32.000000','2021-08-23 09:58:32.000000','2021-08-23 09:58:32.000000',_binary '',_binary '',_binary '',_binary '','2021-08-23 09:58:39.598407'),(382,48,381,1,1.000000000,'2021-08-23 09:58:43.000000','2021-08-23 09:58:43.000000','2021-08-23 09:58:43.000000','2021-08-23 09:58:43.000000','2021-08-23 09:58:43.000000','2021-08-23 09:58:43.000000',_binary '',_binary '',_binary '',_binary '','2021-08-23 09:58:49.854290'),(383,48,528,1,2.000000000,'2021-08-23 09:58:53.000000','2021-08-23 09:58:53.000000','2021-08-23 09:58:53.000000','2021-08-23 09:58:53.000000','2021-08-23 09:58:53.000000','2021-08-23 09:58:53.000000',_binary '',_binary '',_binary '',_binary '','2021-08-23 09:58:59.936922'),(384,48,514,1,1.000000000,'2021-08-23 09:59:02.000000','2021-08-23 09:59:02.000000','2021-08-23 09:59:02.000000','2021-08-23 09:59:02.000000','2021-08-23 09:59:02.000000','2021-08-23 09:59:02.000000',_binary '',_binary '',_binary '',_binary '','2021-08-23 09:59:09.442577'),(385,48,516,1,1.000000000,'2021-08-23 09:59:14.000000','2021-08-23 09:59:14.000000','2021-08-23 09:59:14.000000','2021-08-23 09:59:14.000000','2021-08-23 09:59:14.000000','2021-08-23 09:59:14.000000',_binary '',_binary '',_binary '',_binary '','2021-08-23 09:59:21.460364'),(386,48,503,1,1.000000000,'2021-08-23 09:59:25.000000','2021-08-23 09:59:25.000000','2021-08-23 09:59:25.000000','2021-08-23 09:59:25.000000','2021-08-23 09:59:25.000000','2021-08-23 09:59:25.000000',_binary '',_binary '',_binary '',_binary '','2021-08-23 09:59:32.962646'),(387,48,504,1,1.000000000,'2021-08-23 09:59:35.000000','2021-08-23 09:59:35.000000','2021-08-23 09:59:35.000000','2021-08-23 09:59:35.000000','2021-08-23 09:59:35.000000','2021-08-23 09:59:35.000000',_binary '',_binary '',_binary '',_binary '','2021-08-23 09:59:41.213386'),(388,48,505,1,1.000000000,'2021-08-23 09:59:45.000000','2021-08-23 09:59:45.000000','2021-08-23 09:59:45.000000','2021-08-23 09:59:45.000000','2021-08-23 09:59:45.000000','2021-08-23 09:59:45.000000',_binary '',_binary '',_binary '',_binary '','2021-08-23 09:59:50.635980'),(389,48,493,1,1.000000000,'2021-08-23 09:59:54.000000','2021-08-23 09:59:54.000000','2021-08-23 09:59:54.000000','2021-08-23 09:59:54.000000','2021-08-23 09:59:54.000000','2021-08-23 09:59:54.000000',_binary '',_binary '',_binary '',_binary '','2021-08-23 10:00:01.162750'),(390,48,474,1,2.000000000,'2021-08-23 10:00:04.000000','2021-08-23 10:00:04.000000','2021-08-23 10:00:04.000000','2021-08-23 10:00:04.000000','2021-08-23 10:00:04.000000','2021-08-23 10:00:04.000000',_binary '',_binary '',_binary '',_binary '','2021-08-23 10:00:09.426172'),(391,48,481,1,1.000000000,'2021-08-23 10:00:11.000000','2021-08-23 10:00:11.000000','2021-08-23 10:00:11.000000','2021-08-23 10:00:11.000000','2021-08-23 10:00:11.000000','2021-08-23 10:00:11.000000',_binary '',_binary '',_binary '',_binary '','2021-08-23 10:00:19.020535'),(392,48,626,1,2.000000000,'2021-08-23 10:00:23.000000','2021-08-23 10:00:23.000000','2021-08-23 10:00:23.000000','2021-08-23 10:00:23.000000','2021-08-23 10:00:23.000000','2021-08-23 10:00:23.000000',_binary '',_binary '',_binary '',_binary '','2021-08-23 10:00:31.585560'),(393,48,625,1,2.000000000,'2021-08-23 10:00:35.000000','2021-08-23 10:00:35.000000','2021-08-23 10:00:35.000000','2021-08-23 10:00:35.000000','2021-08-23 10:00:35.000000','2021-08-23 10:00:35.000000',_binary '',_binary '',_binary '',_binary '','2021-08-23 10:00:44.067907'),(394,48,611,1,2.000000000,'2021-08-23 10:00:46.000000','2021-08-23 10:00:46.000000','2021-08-23 10:00:46.000000','2021-08-23 10:00:46.000000','2021-08-23 10:00:46.000000','2021-08-23 10:00:46.000000',_binary '',_binary '',_binary '',_binary '','2021-08-23 10:00:55.846066'),(395,48,612,1,2.000000000,'2021-08-23 10:00:58.000000','2021-08-23 10:00:58.000000','2021-08-23 10:00:58.000000','2021-08-23 10:00:58.000000','2021-08-23 10:00:58.000000','2021-08-23 10:00:58.000000',_binary '',_binary '',_binary '',_binary '','2021-08-23 10:01:04.132038'),(396,48,773,1,1.000000000,'2021-08-23 10:01:08.000000','2021-08-23 10:01:08.000000','2021-08-23 10:01:08.000000','2021-08-23 10:01:08.000000','2021-08-23 10:01:08.000000','2021-08-23 10:01:08.000000',_binary '',_binary '',_binary '',_binary '','2021-08-23 10:01:15.972727'),(397,48,772,1,1.000000000,'2021-08-23 10:01:19.000000','2021-08-23 10:01:19.000000','2021-08-23 10:01:19.000000','2021-08-23 10:01:19.000000','2021-08-23 10:01:19.000000','2021-08-23 10:01:19.000000',_binary '',_binary '',_binary '',_binary '','2021-08-23 10:01:25.480787'),(398,48,770,1,1.000000000,'2021-08-23 10:01:28.000000','2021-08-23 10:01:28.000000','2021-08-23 10:01:28.000000','2021-08-23 10:01:28.000000','2021-08-23 10:01:28.000000','2021-08-23 10:01:28.000000',_binary '',_binary '',_binary '',_binary '','2021-08-23 10:01:35.689985'),(399,48,756,1,2.000000000,'2021-08-23 10:01:38.000000','2021-08-23 10:01:38.000000','2021-08-23 10:01:38.000000','2021-08-23 10:01:38.000000','2021-08-23 10:01:38.000000','2021-08-23 10:01:38.000000',_binary '',_binary '',_binary '',_binary '','2021-08-23 10:01:44.014059'),(400,48,757,1,2.000000000,'2021-08-23 10:01:46.000000','2021-08-23 10:01:46.000000','2021-08-23 10:01:46.000000','2021-08-23 10:01:46.000000','2021-08-23 10:01:46.000000','2021-08-23 10:01:46.000000',_binary '',_binary '',_binary '',_binary '','2021-08-23 10:01:51.793501'),(401,48,745,1,3.000000000,'2021-08-23 10:01:53.000000','2021-08-23 10:01:53.000000','2021-08-23 10:01:53.000000','2021-08-23 10:01:53.000000','2021-08-23 10:01:53.000000','2021-08-23 10:01:53.000000',_binary '',_binary '',_binary '',_binary '','2021-08-23 10:02:00.028259'),(402,48,746,1,1.000000000,'2021-08-23 10:02:02.000000','2021-08-23 10:02:02.000000','2021-08-23 10:02:02.000000','2021-08-23 10:02:02.000000','2021-08-23 10:02:02.000000','2021-08-23 10:02:02.000000',_binary '',_binary '',_binary '',_binary '','2021-08-23 10:02:08.796986'),(403,48,747,1,2.000000000,'2021-08-23 10:02:12.000000','2021-08-23 10:02:12.000000','2021-08-23 10:02:12.000000','2021-08-23 10:02:12.000000','2021-08-23 10:02:12.000000','2021-08-23 10:02:12.000000',_binary '',_binary '',_binary '',_binary '','2021-08-23 10:02:17.864917'),(404,48,733,1,1.000000000,'2021-08-23 10:02:21.000000','2021-08-23 10:02:21.000000','2021-08-23 10:02:21.000000','2021-08-23 10:02:21.000000','2021-08-23 10:02:21.000000','2021-08-23 10:02:21.000000',_binary '',_binary '',_binary '',_binary '','2021-08-23 10:02:27.261781'),(405,48,735,1,1.000000000,'2021-08-23 10:02:29.000000','2021-08-23 10:02:29.000000','2021-08-23 10:02:29.000000','2021-08-23 10:02:29.000000','2021-08-23 10:02:29.000000','2021-08-23 10:02:29.000000',_binary '',_binary '',_binary '',_binary '','2021-08-23 10:02:36.985370'),(406,48,720,1,2.000000000,'2021-08-23 10:02:40.000000','2021-08-23 10:02:40.000000','2021-08-23 10:02:40.000000','2021-08-23 10:02:40.000000','2021-08-23 10:02:40.000000','2021-08-23 10:02:40.000000',_binary '',_binary '',_binary '',_binary '','2021-08-23 10:02:45.484349'),(407,184,813,2,1.000000000,'2021-08-23 10:05:54.000000','2021-08-23 10:05:54.000000','2021-08-23 10:05:54.000000','2021-08-23 10:05:54.000000','2021-08-23 10:05:54.000000','2021-08-23 10:05:54.000000',_binary '',_binary '',_binary '',_binary '','2021-08-23 10:06:05.723445'),(408,36,47,3,10.000000000,'2021-08-23 14:16:46.000000','2021-08-23 14:16:46.000000','2021-08-23 14:16:46.000000','2021-08-23 14:16:46.000000','2021-08-23 14:16:46.000000','2021-08-23 14:16:46.000000',_binary '',_binary '',_binary '',_binary '','2021-08-23 14:17:00.898231'),(409,128,466,3,15.000000000,'2021-08-23 14:17:22.000000','2021-08-23 14:17:22.000000','2021-08-23 14:17:22.000000','2021-08-23 14:17:22.000000','2021-08-23 14:17:22.000000','2021-08-23 14:17:22.000000',_binary '',_binary '',_binary '',_binary '','2021-08-23 14:17:34.060164'),(410,135,546,3,20.000000000,'2021-08-23 14:18:06.000000','2021-08-23 14:18:06.000000','2021-08-23 14:18:06.000000','2021-08-23 14:18:06.000000','2021-08-23 14:18:06.000000','2021-08-23 14:18:06.000000',_binary '',_binary '',_binary '',_binary '','2021-08-23 14:18:12.432036'),(411,73,183,3,60.000000000,'2021-08-23 14:18:26.000000','2021-08-23 14:18:26.000000','2021-08-23 14:18:26.000000','2021-08-23 14:18:26.000000','2021-08-23 14:18:26.000000','2021-08-23 14:18:26.000000',_binary '',_binary '',_binary '',_binary '','2021-08-23 14:18:44.897056'),(412,73,551,3,70.000000000,'2021-08-23 14:18:47.000000','2021-08-23 14:18:47.000000','2021-08-23 14:18:47.000000','2021-08-23 14:18:47.000000','2021-08-23 14:18:47.000000','2021-08-23 14:18:47.000000',_binary '',_binary '',_binary '',_binary '','2021-08-23 14:18:55.498496'),(413,73,558,3,70.000000000,'2021-08-23 14:18:58.000000','2021-08-23 14:18:58.000000','2021-08-23 14:18:58.000000','2021-08-23 14:18:58.000000','2021-08-23 14:18:58.000000','2021-08-23 14:18:58.000000',_binary '',_binary '',_binary '',_binary '','2021-08-23 14:19:09.482686'),(414,73,564,3,70.000000000,'2021-08-23 14:19:14.000000','2021-08-23 14:19:14.000000','2021-08-23 14:19:14.000000','2021-08-23 14:19:14.000000','2021-08-23 14:19:14.000000','2021-08-23 14:19:14.000000',_binary '',_binary '',_binary '',_binary '','2021-08-23 14:19:24.375850'),(415,119,445,3,50.000000000,'2021-08-23 13:30:59.000000','2021-08-23 14:12:59.000000','2021-08-23 14:19:59.000000','2021-08-23 14:19:59.000000','2021-08-23 14:19:59.000000','2021-08-23 14:19:59.000000',_binary '',_binary '',_binary '',_binary '','2021-08-23 14:20:25.802780'),(416,119,553,3,20.000000000,'2021-08-23 13:30:28.000000','2021-08-23 14:12:28.000000','2021-08-23 14:20:28.000000','2021-08-23 14:20:28.000000','2021-08-23 14:20:28.000000','2021-08-23 14:20:28.000000',_binary '',_binary '',_binary '',_binary '','2021-08-23 14:20:50.426402'),(417,119,639,3,20.000000000,'2021-08-23 13:30:53.000000','2021-08-23 14:12:53.000000','2021-08-23 14:20:53.000000','2021-08-23 14:20:53.000000','2021-08-23 14:20:53.000000','2021-08-23 14:20:53.000000',_binary '',_binary '',_binary '',_binary '','2021-08-23 14:21:15.064594'),(418,119,566,3,20.000000000,'2021-08-23 13:30:22.000000','2021-08-23 14:12:22.000000','2021-08-23 14:21:22.000000','2021-08-23 14:21:22.000000','2021-08-23 14:21:22.000000','2021-08-23 14:21:22.000000',_binary '',_binary '',_binary '',_binary '','2021-08-23 14:21:53.863473'),(419,119,640,3,20.000000000,'2021-08-23 13:30:56.000000','2021-08-23 14:12:56.000000','2021-08-23 14:21:56.000000','2021-08-23 14:21:56.000000','2021-08-23 14:21:56.000000','2021-08-23 14:21:56.000000',_binary '',_binary '',_binary '',_binary '','2021-08-23 14:22:15.274210'),(420,119,641,3,20.000000000,'2021-08-23 13:30:19.000000','2021-08-23 14:12:19.000000','2021-08-23 14:22:19.000000','2021-08-23 14:22:19.000000','2021-08-23 14:22:19.000000','2021-08-23 14:22:19.000000',_binary '',_binary '',_binary '',_binary '','2021-08-23 14:22:33.030944'),(421,186,814,3,1.000000000,'2021-08-23 14:25:37.000000','2021-08-23 14:25:37.000000','2021-08-23 14:25:37.000000','2021-08-23 14:25:37.000000','2021-08-23 14:25:37.000000','2021-08-23 14:25:37.000000',_binary '',_binary '',_binary '',_binary '','2021-08-23 14:25:46.019876'),(422,60,158,1,50.000000000,'2021-08-31 08:39:01.000000',NULL,NULL,NULL,NULL,NULL,_binary '\0',_binary '\0',_binary '\0',_binary '\0','2021-08-24 10:39:13.761472'),(423,60,148,1,50.000000000,'2021-08-31 08:39:17.000000',NULL,NULL,NULL,NULL,NULL,_binary '\0',_binary '\0',_binary '\0',_binary '\0','2021-08-24 10:39:26.027887'),(424,60,138,1,50.000000000,'2021-08-31 08:39:29.000000',NULL,NULL,NULL,NULL,NULL,_binary '\0',_binary '\0',_binary '\0',_binary '\0','2021-08-24 10:39:36.880579'),(425,71,549,1,100.000000000,'2021-08-24 08:39:56.000000',NULL,NULL,NULL,NULL,NULL,_binary '\0',_binary '\0',_binary '\0',_binary '\0','2021-08-24 10:40:05.125079'),(426,71,555,1,80.000000000,'2021-08-24 08:40:09.000000',NULL,NULL,NULL,NULL,NULL,_binary '\0',_binary '\0',_binary '\0',_binary '\0','2021-08-24 10:40:16.118677'),(427,71,561,1,80.000000000,'2021-08-24 08:40:20.000000',NULL,NULL,NULL,NULL,NULL,_binary '\0',_binary '\0',_binary '\0',_binary '\0','2021-08-24 10:40:27.965166'),(428,136,548,1,100.000000000,'2021-08-24 08:40:43.000000',NULL,NULL,NULL,NULL,NULL,_binary '\0',_binary '\0',_binary '\0',_binary '\0','2021-08-24 10:40:52.041039'),(429,136,554,1,100.000000000,'2021-08-24 08:40:54.000000',NULL,NULL,NULL,NULL,NULL,_binary '\0',_binary '\0',_binary '\0',_binary '\0','2021-08-24 10:41:00.790294'),(430,136,560,1,100.000000000,'2021-08-24 08:41:03.000000',NULL,NULL,NULL,NULL,NULL,_binary '\0',_binary '\0',_binary '\0',_binary '\0','2021-08-24 10:41:14.141128'),(431,115,603,1,200.000000000,'2021-08-24 08:41:47.000000',NULL,NULL,NULL,NULL,NULL,_binary '\0',_binary '\0',_binary '\0',_binary '\0','2021-08-24 10:42:48.318712'),(432,72,550,1,100.000000000,'2021-08-24 10:44:08.000000',NULL,NULL,NULL,NULL,NULL,_binary '\0',_binary '\0',_binary '\0',_binary '\0','2021-08-24 10:44:13.452224'),(433,72,557,1,100.000000000,'2021-08-24 10:44:16.000000',NULL,NULL,NULL,NULL,NULL,_binary '\0',_binary '\0',_binary '\0',_binary '\0','2021-08-24 10:44:22.962316'),(434,72,563,1,100.000000000,'2021-08-24 10:44:25.000000',NULL,NULL,NULL,NULL,NULL,_binary '\0',_binary '\0',_binary '\0',_binary '\0','2021-08-24 10:44:29.619578'),(435,70,556,1,50.000000000,'2021-08-24 10:45:04.000000',NULL,NULL,NULL,NULL,NULL,_binary '\0',_binary '\0',_binary '\0',_binary '\0','2021-08-24 10:45:10.860238'),(436,70,562,1,50.000000000,'2021-08-24 10:45:13.000000',NULL,NULL,NULL,NULL,NULL,_binary '\0',_binary '\0',_binary '\0',_binary '\0','2021-08-24 10:45:18.306767'),(437,82,841,3,41.000000000,'2021-08-24 10:45:55.000000',NULL,NULL,NULL,NULL,NULL,_binary '\0',_binary '\0',_binary '\0',_binary '\0','2021-08-24 10:46:09.064110'),(438,82,229,3,50.000000000,'2021-08-24 10:46:12.000000',NULL,NULL,NULL,NULL,NULL,_binary '\0',_binary '\0',_binary '\0',_binary '\0','2021-08-24 10:46:16.101071'),(439,82,231,3,50.000000000,'2021-08-24 10:46:19.000000',NULL,NULL,NULL,NULL,NULL,_binary '\0',_binary '\0',_binary '\0',_binary '\0','2021-08-24 10:46:24.417722'),(440,82,NULL,3,44.000000000,'2021-08-24 10:47:17.000000',NULL,NULL,NULL,NULL,NULL,_binary '\0',_binary '\0',_binary '\0',_binary '\0','2021-08-24 10:47:31.428724'),(441,83,842,3,41.000000000,'2021-08-25 10:48:05.000000',NULL,NULL,NULL,NULL,NULL,_binary '\0',_binary '\0',_binary '\0',_binary '\0','2021-08-24 10:48:20.858674'),(442,83,230,3,50.000000000,'2021-08-25 10:48:24.000000',NULL,NULL,NULL,NULL,NULL,_binary '\0',_binary '\0',_binary '\0',_binary '\0','2021-08-24 10:48:31.390690'),(443,83,232,3,50.000000000,'2021-08-25 10:48:35.000000',NULL,NULL,NULL,NULL,NULL,_binary '\0',_binary '\0',_binary '\0',_binary '\0','2021-08-24 10:48:42.162318'),(444,83,NULL,3,44.000000000,'2021-08-25 10:48:45.000000',NULL,NULL,NULL,NULL,NULL,_binary '\0',_binary '\0',_binary '\0',_binary '\0','2021-08-24 10:48:56.988452'),(445,148,656,2,2.000000000,'2021-08-24 10:49:34.000000','2021-08-24 10:49:34.000000','2021-08-24 10:49:34.000000','2021-08-24 10:49:34.000000','2021-08-24 10:49:34.000000','2021-08-24 10:49:34.000000',_binary '',_binary '',_binary '',_binary '','2021-08-24 10:49:42.057058'),(446,149,657,2,2.000000000,'2021-08-24 10:50:04.000000','2021-08-24 10:50:04.000000','2021-08-24 10:50:04.000000','2021-08-24 10:50:04.000000','2021-08-24 10:50:04.000000','2021-08-24 10:50:04.000000',_binary '',_binary '',_binary '',_binary '','2021-08-24 10:50:11.164717'),(447,150,658,2,2.000000000,'2021-08-24 10:50:14.000000','2021-08-24 10:50:14.000000','2021-08-24 10:50:14.000000','2021-08-24 10:50:14.000000','2021-08-24 10:50:14.000000','2021-08-24 10:50:14.000000',_binary '',_binary '',_binary '',_binary '','2021-08-24 10:50:21.108378');
/*!40000 ALTER TABLE `cut_job` ENABLE KEYS */;
UNLOCK TABLES;

--
-- Table structure for table `database_version`
--

DROP TABLE IF EXISTS `database_version`;
/*!40101 SET @saved_cs_client     = @@character_set_client */;
/*!50503 SET character_set_client = utf8mb4 */;
CREATE TABLE `database_version` (
  `id` int(11) NOT NULL AUTO_INCREMENT,
  `date_updated` datetime(6) DEFAULT NULL,
  `version` int(11) NOT NULL,
  PRIMARY KEY (`id`),
  UNIQUE KEY `UKd2crfgsuo4c4raueftf2a3v0l` (`version`),
  KEY `databaseVersionVersionIdx` (`version`)
) ENGINE=InnoDB DEFAULT CHARSET=utf8;
/*!40101 SET character_set_client = @saved_cs_client */;

--
-- Dumping data for table `database_version`
--

LOCK TABLES `database_version` WRITE;
/*!40000 ALTER TABLE `database_version` DISABLE KEYS */;
/*!40000 ALTER TABLE `database_version` ENABLE KEYS */;
UNLOCK TABLES;

--
-- Temporary view structure for view `parent_child_product_relationship`
--

DROP TABLE IF EXISTS `parent_child_product_relationship`;
/*!50001 DROP VIEW IF EXISTS `parent_child_product_relationship`*/;
SET @saved_cs_client     = @@character_set_client;
/*!50503 SET character_set_client = utf8mb4 */;
/*!50001 CREATE VIEW `parent_child_product_relationship` AS SELECT 
 1 AS `parent_product_id`,
 1 AS `parent_product_number`,
 1 AS `parent_product_description`,
 1 AS `parent_product_uom`,
 1 AS `child_product_id`,
 1 AS `child_product_number`,
 1 AS `child_product_description`,
 1 AS `child_product_uom`*/;
SET character_set_client = @saved_cs_client;

--
-- Table structure for table `parent_to_child_product`
--

DROP TABLE IF EXISTS `parent_to_child_product`;
/*!40101 SET @saved_cs_client     = @@character_set_client */;
/*!50503 SET character_set_client = utf8mb4 */;
CREATE TABLE `parent_to_child_product` (
  `child_product_id` int(11) NOT NULL,
  `parent_product_id` int(11) NOT NULL,
  PRIMARY KEY (`child_product_id`,`parent_product_id`),
  KEY `FK_hogjqwjhvbjhqwdkjvfdjh_idx` (`parent_product_id`),
  CONSTRAINT `FK_guiwjkfijhwjhqwekjfgdsjb` FOREIGN KEY (`child_product_id`) REFERENCES `product` (`id`) ON DELETE NO ACTION ON UPDATE NO ACTION,
  CONSTRAINT `FK_hogjqwjhvbjhqwdkjvfdjh` FOREIGN KEY (`parent_product_id`) REFERENCES `product` (`id`) ON DELETE NO ACTION ON UPDATE NO ACTION
) ENGINE=InnoDB DEFAULT CHARSET=utf8;
/*!40101 SET character_set_client = @saved_cs_client */;

--
-- Dumping data for table `parent_to_child_product`
--

LOCK TABLES `parent_to_child_product` WRITE;
/*!40000 ALTER TABLE `parent_to_child_product` DISABLE KEYS */;
INSERT INTO `parent_to_child_product` VALUES (5,4),(6,4),(7,4),(12,11),(13,11),(14,11),(15,11),(16,11),(17,11),(19,18),(24,23),(28,27),(30,29),(31,29),(32,29),(34,33),(35,33),(42,41),(44,43),(46,45),(48,47),(50,49),(77,76),(78,76),(82,81),(83,81),(98,97),(99,97),(100,97),(101,97),(102,97),(103,97),(105,104),(112,111),(113,111),(126,125),(127,125),(131,130),(132,130),(155,154),(161,160),(162,160),(163,160),(169,168),(176,175),(177,175),(183,182),(184,182),(186,185),(187,185),(191,190),(192,190);
/*!40000 ALTER TABLE `parent_to_child_product` ENABLE KEYS */;
UNLOCK TABLES;

--
-- Table structure for table `product`
--

DROP TABLE IF EXISTS `product`;
/*!40101 SET @saved_cs_client     = @@character_set_client */;
/*!50503 SET character_set_client = utf8mb4 */;
CREATE TABLE `product` (
  `id` int(11) NOT NULL AUTO_INCREMENT,
  `number` varchar(45) NOT NULL,
  `description` varchar(255) NOT NULL,
  `unit_price_dollars` decimal(28,9) NOT NULL DEFAULT '0.000000000',
  `kit_flag` bit(1) NOT NULL DEFAULT b'0',
  `uom` varchar(45) NOT NULL,
  PRIMARY KEY (`id`),
  UNIQUE KEY `number_UNIQUE` (`number`),
  KEY `IDK_bviufgifbiudgljdfiuhd` (`number`),
  KEY `IFD_biusbfjknfiufbjrweerw` (`kit_flag`)
) ENGINE=InnoDB AUTO_INCREMENT=197 DEFAULT CHARSET=utf8;
/*!40101 SET character_set_client = @saved_cs_client */;

--
-- Dumping data for table `product`
--

LOCK TABLES `product` WRITE;
/*!40000 ALTER TABLE `product` DISABLE KEYS */;
INSERT INTO `product` VALUES (1,'5000275','Bimini w/ Dome Light Harness',11.500000000,_binary '\0','ea'),(2,'5000277','140\" Bimini Light Harness',7.120000000,_binary '\0','ea'),(3,'5000274','146\" DBL Harness',14.780000000,_binary '\0','ea'),(4,'5001406','CD4  PANEL SET(MY21)',473.690000000,_binary '\0','ea'),(5,'5001016','C4D HELM SWITCH PANEL',165.000000000,_binary '','ea'),(6,'5001017','C4D HELM KEY PANEL WITHOUT OPT CANOPY',0.000000000,_binary '','ea'),(7,'5001405','CD4 GAUGE PANEL (MY21)',291.840000000,_binary '','ea'),(8,'5001530','CORSA MAIN HARNESS',327.030000000,_binary '\0','ea'),(9,'5001587','FUN DECK RGB HULL HARNESS',71.990000000,_binary '\0','ea'),(10,'5001585','236 HULL HARNESS',279.990000000,_binary '\0','ea'),(11,'5000684','2019 AP PNL SET GPS HONDA (New)',808.110000000,_binary '\0','ea'),(12,'BC-10000017','Honda GPS Adaptor',12.700000000,_binary '','ea'),(13,'BC-10000006','2019 AP Breaker Harness',25.420000000,_binary '','ea'),(14,'BC-10000007','GODFREY, SPORT ARCH, WIRE HARNESS, UNIVERSAL',20.850000000,_binary '','ea'),(15,'BC-10000008','FOREST RIVER MARINE, SPORT ARCH 2.0, WIRE HARNESS',44.750000000,_binary '','ea'),(16,'BC-10000009','2019 AP Gauge Harness',14.620000000,_binary '','ea'),(17,'5000800','217 HONDA SPEEDO ADAPTER',0.000000000,_binary '','ea'),(18,'5000683','2019 AP PNL SET GPS YAMAHA (New)',749.290000000,_binary '\0','ea'),(19,'BC-10000016','5\" GPS Adaptor',0.000000000,_binary '','ea'),(20,'5001524','CX/SLS 4  SPEAKER TRUNK',202.040000000,_binary '\0','ea'),(21,'5001472','208/228 MAIN DECK',69.690000000,_binary '\0','ea'),(22,'5001473','208-228 MAIN HULL',171.650000000,_binary '\0','ea'),(23,'5001474','208/228 DASH PANEL',369.540000000,_binary '\0','ea'),(24,'BC-10000113','208/228 DASH PANEL WIRING',0.000000000,_binary '','ea'),(25,'5001544','248 HULL HARNESS',176.300000000,_binary '\0','ea'),(26,'5001539','172 HULL HARNESS',81.180000000,_binary '\0','ea'),(27,'5001653','172 BAY SWITCH PANEL',240.970000000,_binary '\0','ea'),(28,'BC-10000136','172 BAY SWITCH PANEL HARNESS',0.000000000,_binary '','ea'),(29,'5001367','2021 217-218 PNL SET YAM/MERC STD',514.070000000,_binary '\0','ea'),(30,'BC-10000012','217,191/192 SWITCH HARNESS',29.780000000,_binary '','ea'),(31,'BC-10000014','217 BREAKER',18.640000000,_binary '','ea'),(32,'5001390','2021 191-192-217 OB STD GAUGE HARNESS',0.000000000,_binary '','ea'),(33,'5001516','Panel Set SW-X Yam/Merc',238.810000000,_binary '\0','ea'),(34,'BC-10000118','SWEETWATER SWITCH HARNESS',0.000000000,_binary '','ea'),(35,'BC-10000119','SWEETWATER GAUGE HARNESS',0.000000000,_binary '','ea'),(36,'PK-284063','ASSY HARN 220\" BATT READ OUT',25.540000000,_binary '\0','ea'),(37,'PK-257657','ASSY HARNESS CATFISH',98.650000000,_binary '\0','ea'),(38,'PK-257654','ASSY HARNESS ACCY MV',79.040000000,_binary '\0','ea'),(39,'5000934','190CC 210CC MODIFIED MV HARNESS',96.240000000,_binary '\0','ea'),(40,'5001371','2021 217-218 PNL SET SUZ STD',570.210000000,_binary '\0','ea'),(41,'5001345','2021 191-192 PNL SET YAM/MERC STD',499.370000000,_binary '\0','ea'),(42,'BC-10000048','191-192 BREAKER HARNESS',21.200000000,_binary '','ea'),(43,'5001368','2021 217-218 PNL SET YAM GPS',556.740000000,_binary '\0','ea'),(44,'5001391','2021 191-192-217 OB GPS GAUGE HARNESS',0.000000000,_binary '','ea'),(45,'5001372','2021 217-218 PNL SET SUZ GPS',568.710000000,_binary '\0','ea'),(46,'BC-10000015','217 GAUGE HARNESS',12.880000000,_binary '','ea'),(47,'5001033','185 Harness STANDARD',172.510000000,_binary '\0','ea'),(48,'5001188','185 6\' BATTERY CABLES',25.490000000,_binary '','ea'),(49,'5001043','185 HARNESS UPGRADED Kit',187.970000000,_binary '\0','ea'),(50,'5001043-A','185 HARNESS UPGRADED',0.000000000,_binary '','ea'),(51,'5001074','Hurricane 23\' Deck',140.860000000,_binary '\0','ea'),(52,'5001073','Hurricane 23\' Hull',72.900000000,_binary '\0','ea'),(53,'5001378','2021 217-218 PNL SET MERC GPS',556.740000000,_binary '\0','ea'),(54,'5001046','MY 2020 E/C Class Main Accy Harness',249.980000000,_binary '\0','ea'),(55,'5001131','C-CLASS SEAT BOX WITHOUT USB POWER',5.310000000,_binary '\0','ea'),(56,'5001128','C-CLASS RGB MAIN HARNESS',61.970000000,_binary '\0','ea'),(57,'5001130','C-CLASS SEAT BOX WITH USB POWER',10.280000000,_binary '\0','ea'),(58,'5001127','C-CLASS RGB SEAT BOX',21.180000000,_binary '\0','ea'),(59,'5001211','ULTRA LOUNGE HARNESS',26.550000000,_binary '\0','ea'),(60,'5001483','2GA 54\" RED BATTERY CABLE 3/8\" RING',13.920000000,_binary '\0','ea'),(61,'5000168','Harness, Front Cap (1305453)',22.570000000,_binary '\0','ea'),(62,'5000176','Harness, Read Door Ajar W/Lock',24.050000000,_binary '\0','ea'),(63,'5000179','Harness, Interface-Dual Mirror Control/Rearview Monitors (1305597)',43.330000000,_binary '\0','ea'),(64,'5001476','REAR INTERIOR LIGHTS',49.580000000,_binary '\0','ea'),(65,'5000170','Automotive extension harness (1307041)',57.670000000,_binary '\0','ea'),(66,'5001464','BRAUN RAMP HARNESS',96.840000000,_binary '\0','ea'),(67,'5000169','Harness, Rear Cap (2003260)',101.570000000,_binary '\0','ea'),(68,'5000128','Ford Fuel Extension',26.920000000,_binary '\0','ea'),(69,'5000284','Side Marker Turn Harness',34.920000000,_binary '\0','ea'),(70,'5001639','DUAL BATTERY KIT 108\"',59.320000000,_binary '\0','ea'),(71,'5001505','DUAL BATTERY CABLES RLI/GLI KIT',44.160000000,_binary '\0','ea'),(72,'5001529','BATTERY CABLE',21.780000000,_binary '\0','ea'),(73,'5001527','48\" COURTESY LIGHT EXTENSION',10.940000000,_binary '\0','ea'),(74,'5001532','DODGE HARNESS',478.610000000,_binary '\0','ea'),(75,'5001349','2021 191-192 PNL SET SUZ STD',532.010000000,_binary '\0','ea'),(76,'5000136','191/192/217 Harness Kit',228.930000000,_binary '\0','ea'),(77,'5000134','191/192 Deck Harness',166.570000000,_binary '','ea'),(78,'5000135','191/192 Hull Harness',62.360000000,_binary '','ea'),(79,'5001360','2021 191-192 PNL SET SUZ STD (RL)',532.010000000,_binary '\0','ea'),(80,'5000181','Harness, Pull Cord-Ground Trigger (1305897)',24.020000000,_binary '\0','ea'),(81,'5001578','Trunk Full Option Kit',370.230000000,_binary '\0','ea'),(82,'5001548','TRUNK FULL OPTION FOR OVERLAY',298.930000000,_binary '','ea'),(83,'5001549','SPEAKER OVERLAY HARNESS',40.730000000,_binary '','ea'),(84,'5001550','CRUISER/SUNLINER MOUSEHOLE',36.080000000,_binary '\0','ea'),(85,'5001343','210/250 HCX/HSUN',135.970000000,_binary '\0','ea'),(86,'5000603','CX/SUN OPTIONAL 6 SPEAKER UPGRADE HARNESS',31.030000000,_binary '\0','ea'),(87,'5000536','HARNESS RGB CUPHOLDER Y SPLITTER',13.840000000,_binary '\0','ea'),(88,'5000830','JL POWER FEED TO AMP W/ FERRULES',65.560000000,_binary '\0','ea'),(89,'5000824','JL SPEAKER JUMPER TO AMP W/ FERRULES',33.190000000,_binary '\0','ea'),(90,'5001655','SANPAN TRUNK HARNESS',251.900000000,_binary '\0','ea'),(91,'5001364','2021 191-192 PNL SET DIGITAL (RL)',372.680000000,_binary '\0','ea'),(92,'5000276','133\" Stern Light Extension Harness',6.820000000,_binary '\0','ea'),(93,'5000278','138\" Light Wire Harness',7.190000000,_binary '\0','ea'),(94,'5001739','STERN LIGHT EXTENSION (FEMALE)',6.820000000,_binary '\0','ea'),(95,'5001355','2021 191-192 PNL SET DIGITAL SRX400',341.910000000,_binary '\0','ea'),(96,'5001491','GODFREY INDEPENDENT LIVEWELL SWITCH PANEL',52.890000000,_binary '\0','ea'),(97,'5001564','Corsa Panel Kit (D)',1141.360000000,_binary '\0','ea'),(98,'5001555','CORSA CANOPY PANEL',0.000000000,_binary '','ea'),(99,'5001556','CORSA BREAKER PANEL',0.000000000,_binary '','ea'),(100,'5001557','CORSA PORT SWITCH PANEL',0.000000000,_binary '','ea'),(101,'5001558','CORSA STBD SWITCH PANEL',0.000000000,_binary '','ea'),(102,'5001559','CORSA CONNECTING HARNESS',0.000000000,_binary '','ea'),(103,'5001560','CORSA DIGITAL GAUGE HARNESS',0.000000000,_binary '','ea'),(104,'5001553','CORSA STEREO PANEL (SIMRAD)',387.780000000,_binary '\0','ea'),(105,'BC-10000124','CORSA STEREO HARNESS',0.000000000,_binary '','ea'),(106,'5001756','U LOUNGER RGBW GEN2',65.220000000,_binary '\0','ea'),(107,'5001499','AMPLIFIER HARNESS',167.400000000,_binary '\0','ea'),(108,'5001551','HCX/SUN 21-25 CS/SL/SLDH RGB 21',188.470000000,_binary '\0','ea'),(109,'5000312','HARNESS, SKI LOCKER',21.510000000,_binary '\0','ea'),(110,'5000313','PIGTAIL, SKI LOCKER ADAPTER',10.810000000,_binary '\0','ea'),(111,'5000107','187/188/201 OB Harness Kit',160.500000000,_binary '\0','ea'),(112,'5000105','187/188/201 OB Deck Harness',93.830000000,_binary '','ea'),(113,'5000106','187/188/201 OB Hull Harness',53.440000000,_binary '','ea'),(114,'5001377','2021 217-218 PNL SET DIGITAL',345.030000000,_binary '\0','ea'),(115,'5001538','L-Class Battery Cables',161.620000000,_binary '\0','ea'),(116,'5001753','LOUNGER ARM RGB HARNESS',51.550000000,_binary '\0','ea'),(117,'5001535','Panel Set SW-X Honda',288.190000000,_binary '\0','ea'),(118,'5001755','Q BOW LIGHT SPLITTER',16.960000000,_binary '\0','ea'),(119,'5001779','FB POD SPLITTER',22.830000000,_binary '\0','ea'),(120,'5001792','50\' RED 4GA WIRE',77.340000000,_binary '\0','ea'),(121,'5001793','50\' BLACK 4GA WIRE',55.380000000,_binary '\0','ea'),(122,'5000132','BENNINGTON, SPORT TOWER, WIRE HARNESS',34.190000000,_binary '\0','ea'),(123,'5000740','144\" ARCH HARNESS',65.360000000,_binary '\0','ea'),(124,'5000329','BENNINGTON, SPORT ARCH, WIRE HARNESS',41.830000000,_binary '\0','ea'),(125,'5000846','POWER ARCH HARNESS +18\" TAIL WITH LOOM KIT',107.320000000,_binary '\0','ea'),(126,'5000846-A','POWER ARCH HARNESS +18\" TAIL WITH LOOM',77.040000000,_binary '','ea'),(127,'5000490-B','Harness Power Arch Control B',35.180000000,_binary '','ea'),(128,'5000679','GMSAH-2019 UNUVERSAL',15.190000000,_binary '\0','ea'),(129,'5001132','BENNINGTON ENTRY LEVEL TOWER',54.900000000,_binary '\0','ea'),(130,'5000021','187/188/201 I/O HARNESS Kit',160.500000000,_binary '\0','ea'),(131,'5000103','187/188/201 I/O Deck Harness',91.570000000,_binary '','ea'),(132,'5000104','187/188/201 IO Hull Harness',55.680000000,_binary '','ea'),(133,'5001356','2021 191-192 PNL SET YAM/MERC STD (RL)',485.140000000,_binary '\0','ea'),(134,'5001678','Sanpan Panel Set',2051.180000000,_binary '\0','ea'),(135,'5001422','RGB/SPKR 8\' EXTENSION',12.960000000,_binary '\0','ea'),(136,'5001506','BATTERY CABLE',13.550000000,_binary '\0','ea'),(137,'5001644','36\" RGB SPLITTER SPEAKER TOE KICK',25.820000000,_binary '\0','ea'),(138,'5001459','Nova RB Main Harness',463.090000000,_binary '\0','ea'),(139,'5000495','SMOKERCRAFT, SPORT ARCH, WIRE HARNESS, UNIVERSAL',47.450000000,_binary '\0','ea'),(140,'5000057','Volvo fuel hrns',20.800000000,_binary '\0','ea'),(141,'5000314','HARNESS, COURTESY LIGHT',8.730000000,_binary '\0','ea'),(142,'5001344','HCX 190 CW',130.510000000,_binary '\0','ea'),(143,'5001803','SAFETY STOP EXTENSION',0.000000000,_binary '\0','ea'),(144,'5001804','STERN LIGHT EXTENSION',9.500000000,_binary '\0','ea'),(145,'5001805','20\' ENGINE HRNS (NO ALARM)',64.950000000,_binary '\0','ea'),(146,'5001806','17\' ENGINE HRNS (NO ALARM)',60.250000000,_binary '\0','ea'),(147,'5001807','15\' ENGINE HRNS (NO ALARM)',57.070000000,_binary '\0','ea'),(148,'5001810','BB16\' HRNS (MY22)',120.580000000,_binary '\0','ea'),(149,'5001811','BB18\' HRNS (MY22)',138.760000000,_binary '\0','ea'),(150,'5001812','PB18\' HRNS (MY22)',130.690000000,_binary '\0','ea'),(151,'5001724','SANPAN SPEAKER OVERLAY HARNESS',295.180000000,_binary '\0','ea'),(152,'5001673','8\" VSR JUMPER',9.350000000,_binary '\0','ea'),(153,'5001545','248 DECK HARNESS',71.420000000,_binary '\0','ea'),(154,'5001654','248 SWITCH PANEL',0.000000000,_binary '\0','ea'),(155,'BC-10000135','248 SWITCH PANEL HARNESS',0.000000000,_binary '','ea'),(156,'5001353','2021 191-192 PNL SET MERC GPS',564.370000000,_binary '\0','ea'),(157,'5001770','2022 FUSION PIGTAIL',17.830000000,_binary '\0','ea'),(158,'5000837','62\" 4GA RED BATTERY CABLE',18.460000000,_binary '\0','ea'),(159,'5000838','62\" 4GA BLACK BATTERY CABLE',17.470000000,_binary '\0','ea'),(160,'5001444','Sweetwater Dash Kit (Yam/Merc/Honda) Speed Chain',349.190000000,_binary '\0','ea'),(161,'5001441','Sweetwater Stbd Switch Panel',0.000000000,_binary '','ea'),(162,'5001442','Sweetwater Port Switch Panel',0.000000000,_binary '','ea'),(163,'5001443','Sweetwater Gauge Panel OB (YAM/MERC/BRP/SUZ)',0.000000000,_binary '','ea'),(164,'5001445','Sweetwater Gauge Panel OB (Suzuki) Speed Chain',400.400000000,_binary '\0','ea'),(165,'5001446','Sweetwater Dash Kit GPS (Yam/Honda) Speed Chain',386.240000000,_binary '\0','ea'),(166,'5001447','Sweetwater Dash Kit GPS (Suzuki) Speed Chain',437.470000000,_binary '\0','ea'),(167,'5001448','Sweetwater Dash Kit GPS (Merc) Speed Chain',386.240000000,_binary '\0','ea'),(168,'5001764','Sweetwater Dash Kit (Diagital)',588.320000000,_binary '\0','ea'),(169,'5000556','2019 AP GPS WIRING',0.000000000,_binary '','ea'),(170,'5001711','PANEL STEREO PHONE STORAGE SPEED CHAIN',10.690000000,_binary '\0','ea'),(171,'5001707','PANEL STORAGE STANDARD SPEED CHAIN',14.250000000,_binary '\0','ea'),(172,'5001708','PANEL GARMIN 743 SPEED CHAIN',14.250000000,_binary '\0','ea'),(173,'5001709','PANEL SIMRAD G07 SPEED CHAIN',14.250000000,_binary '\0','ea'),(174,'5001710','PANEL HOOK REVEAL 5 SPEED CHAIN',14.250000000,_binary '\0','ea'),(175,'5001662','MY 22 Panel Set SW-X Yam/Merc (Speed Chain)',229.300000000,_binary '\0','ea'),(176,'BC-10000150','SW-X GAUGE HARNESS (MY22)',0.000000000,_binary '','ea'),(177,'5001798','SW-X SWITCH PANEL MY22',0.000000000,_binary '','ea'),(178,'5001663','MY 22 Panel Set SW-X Suzuki (Speed Chain)',282.290000000,_binary '\0','ea'),(179,'5001665','MY 22 Panel Set SW-X Honda (Speed Chain)',254.410000000,_binary '\0','ea'),(180,'PK-413980','TERMINATION 2 POSITION PLUG',1.470000000,_binary '\0','ea'),(181,'PK-413981','TERMINATION 3 POTIONS PLUG',1.830000000,_binary '\0','ea'),(182,'5000629','ASSY, GAUGE PANEL HP175 HONDA V3 W/O Cuttout',275.380000000,_binary '\0','ea'),(183,'5000695','V3 HONDA TRIM ADAPTER',3.810000000,_binary '','ea'),(184,'BC-10000002','TX V3 GAUGE HARNESS WITH FUEL',0.000000000,_binary '','ea'),(185,'5000614','TX Switch W/O Stereo',155.660000000,_binary '\0','ea'),(186,'BC-10000044','LIVEWELL TIMER TERMINATED WITH QD\'S',21.800000000,_binary '','ea'),(187,'BC-10000091','TX/BASS SWITCH HARNESS',19.930000000,_binary '','ea'),(188,'5001582','196/226 HULL HARNESS',245.180000000,_binary '\0','ea'),(189,'PK160174','ASSY HARNESS 72\" TACH',17.540000000,_binary '\0','ea'),(190,'PK-284067','ASSY PANEL DELUXE BOW TROLLING',75.010000000,_binary '\0','ea'),(191,'BC-10000094','TRIM SWITCH HARNESS',4.710000000,_binary '','ea'),(192,'BC-10000129','BATT READOUT SWITCH HARNESS',0.000000000,_binary '','ea'),(193,'5001656','SANPAN STERN BOX HARNESS',162.070000000,_binary '\0','ea'),(194,'5001657','SANPAN BOW BOX HARNESS',148.040000000,_binary '\0','ea'),(195,'5001796','COURTESY LIGHT FIX',44.300000000,_binary '\0','ea'),(196,'PK-177517','ASSY HARNESS FLOAT ADAPTER',24.480000000,_binary '\0','ea');
/*!40000 ALTER TABLE `product` ENABLE KEYS */;
UNLOCK TABLES;

--
-- Table structure for table `sales_order`
--

DROP TABLE IF EXISTS `sales_order`;
/*!40101 SET @saved_cs_client     = @@character_set_client */;
/*!50503 SET character_set_client = utf8mb4 */;
CREATE TABLE `sales_order` (
  `id` int(11) NOT NULL AUTO_INCREMENT,
  `customer_name` varchar(255) NOT NULL,
  `number` varchar(255) NOT NULL,
  PRIMARY KEY (`id`),
  UNIQUE KEY `number_UNIQUE` (`number`),
  KEY `IDX_bfuiargjahfkjdfuherjf` (`number`)
) ENGINE=InnoDB AUTO_INCREMENT=181 DEFAULT CHARSET=utf8;
/*!40101 SET character_set_client = @saved_cs_client */;

--
-- Dumping data for table `sales_order`
--

LOCK TABLES `sales_order` WRITE;
/*!40000 ALTER TABLE `sales_order` DISABLE KEYS */;
INSERT INTO `sales_order` VALUES (1,'Marine Mooring','Q14490'),(2,'Marine Mooring','Q14491'),(3,'Marine Mooring','Q14492'),(4,'Barletta Boat Company','Q14537'),(5,'Godfrey','Q14559'),(6,'Godfrey','Q14560'),(7,'Godfrey','Q14587'),(8,'Godfrey','Q14588'),(9,'Smoker Craft, INC','Q14597'),(10,'Sea Pro Boats','Q14615'),(11,'Sea Pro Boats','Q14616'),(12,'Sea Pro Boats','Q14617'),(13,'Sea Pro Boats','Q14618'),(14,'Sea Pro Boats','Q14619'),(15,'Godfrey','Q14628'),(16,'Godfrey','Q14640'),(17,'Godfrey','Q14641'),(18,'POLAR KRAFT','Q14642'),(19,'Godfrey','Q14644'),(20,'Smoker Craft, INC','Q14645'),(21,'Smoker Craft, INC','Q14646'),(22,'Godfrey','Q14647'),(23,'Godfrey','Q14648'),(24,'Godfrey','Q14649'),(25,'Godfrey','Q14650'),(26,'Godfrey','Q14661'),(27,'Godfrey','Q14663'),(28,'Godfrey','Q14664'),(29,'Godfrey','Q14665'),(30,'Godfrey','Q14677'),(31,'Godfrey','Q14678'),(32,'Godfrey','Q14679'),(33,'Godfrey','Q14680'),(34,'Godfrey','Q14681'),(35,'Barletta Boat Company','Q14682'),(36,'Barletta Boat Company','Q14683'),(37,'Barletta Boat Company','Q14684'),(38,'Barletta Boat Company','Q14685'),(39,'Barletta Boat Company','Q14686'),(40,'Arboc Specialty Vehicles','Q14691'),(41,'Bennington','Q14702'),(42,'Bennington','Q14703'),(43,'Coachmen RV','Q14704'),(44,'Godfrey','Q14705'),(45,'Godfrey','Q14706'),(46,'Godfrey','Q14707'),(47,'Godfrey','Q14708'),(48,'Godfrey','Q14709'),(49,'NEW FLYER INTERNATIONAL','Q14710'),(50,'Godfrey','Q14714'),(51,'Godfrey','Q14715'),(52,'Smoker Craft, INC','Q14716'),(53,'Smoker Craft, INC','Q14717'),(54,'Brunswick','Q14727'),(55,'Brunswick','Q14731'),(56,'Brunswick','Q14732'),(57,'Brunswick','Q14733'),(58,'Brunswick','Q14734'),(59,'JC MANUFACTURING INC.','Q14735'),(60,'Godfrey','Q14736'),(61,'Godfrey','Q14741'),(62,'Marine Mooring','Q14742'),(63,'Marine Mooring','Q14743'),(64,'Marine Mooring','Q14744'),(65,'Marine Mooring','Q14745'),(66,'Marine Mooring','Q14746'),(67,'Marine Mooring','Q14747'),(68,'Marine Mooring','Q14748'),(69,'Marine Mooring','Q14749'),(70,'Marine Mooring','Q14750'),(71,'Marine Mooring','Q14751'),(72,'Marine Mooring','Q14752'),(73,'Marine Mooring','Q14753'),(74,'Marine Mooring','Q14754'),(75,'Godfrey','Q14755'),(76,'Godfrey','Q14756'),(77,'Godfrey','Q14757'),(78,'Godfrey','Q14758'),(79,'Godfrey','Q14761'),(80,'Smoker Craft, INC','Q14764'),(81,'Smoker Craft, INC','Q14765'),(82,'Barletta Boat Company','Q14766'),(83,'Barletta Boat Company','Q14767'),(84,'Brunswick','Q14768'),(85,'Brunswick','Q14769'),(86,'Brunswick','Q14770'),(87,'Godfrey','Q14772'),(88,'Godfrey','Q14773'),(89,'Godfrey','Q14774'),(90,'Godfrey','Q14775'),(91,'Godfrey','Q14776'),(92,'Barletta Boat Company','Q14779'),(93,'Barletta Boat Company','Q14781'),(94,'Barletta Boat Company','Q14782'),(95,'Barletta Boat Company','Q14783'),(96,'Barletta Boat Company','Q14784'),(97,'Barletta Boat Company','Q14785'),(98,'Barletta Boat Company','Q14786'),(99,'Barletta Boat Company','Q14787'),(100,'Godfrey','Q14788'),(101,'Bennington','Q14789'),(102,'Barletta Boat Company','Q14791'),(103,'JC MANUFACTURING INC.','Q14792'),(104,'SEI MFG','Q14793'),(105,'Brunswick','Q14794'),(106,'Brunswick','Q14795'),(107,'Barletta Boat Company','Q14796'),(108,'Barletta Boat Company','Q14797'),(109,'Barletta Boat Company','Q14798'),(110,'Barletta Boat Company','Q14799'),(111,'Barletta Boat Company','Q14800'),(112,'SEI MFG','Q14803'),(113,'Godfrey','Q14805'),(114,'Godfrey','Q14806'),(115,'Godfrey','Q14807'),(116,'Godfrey','Q14808'),(117,'Godfrey','Q14809'),(118,'SEI MFG','Q14810'),(119,'Godfrey','Q14815'),(120,'JC MANUFACTURING INC.','Q14816'),(121,'Coachmen RV','Q14817'),(122,'Bennington','Q14818'),(123,'Bennington','Q14819'),(124,'Bennington','Q14820'),(125,'Coachmen RV','Q14821'),(126,'Brunswick','Q14822'),(127,'SEI MFG','Q14823'),(128,'Brunswick','Q14824'),(129,'Godfrey','Q14827'),(130,'Godfrey','Q14830'),(131,'Barletta Boat Company','Q14831'),(132,'Godfrey','Q14832'),(133,'Godfrey','Q14833'),(134,'Coachmen RV','Q14834'),(135,'Godfrey','Q14837'),(136,'Godfrey','Q14838'),(137,'Coachmen RV','Q14839'),(138,'Coachmen RV','Q14840'),(139,'Bennington','Q14841'),(140,'Bennington','Q14842'),(141,'Bennington','Q14843'),(142,'Brunswick','Q14846'),(143,'Brunswick','Q14847'),(144,'TRACKER MARINE GROUP','Q14848'),(145,'Godfrey','Q14849'),(146,'Godfrey','Q14850'),(147,'SEI MFG','Q14851'),(148,'SEI MFG','Q14852'),(149,'SEI MFG','Q14853'),(150,'SEI MFG','Q14854'),(151,'SEI MFG','Q14855'),(152,'SEI MFG','Q14856'),(153,'SEI MFG','Q14857'),(154,'SEI MFG','Q14858'),(155,'SEI MFG','Q14859'),(156,'SEI MFG','Q14860'),(157,'Sea Pro Boats','Q14861'),(158,'Godfrey','Q14864'),(159,'Godfrey','Q14865'),(160,'Godfrey','Q14866'),(161,'Godfrey','Q14867'),(162,'Godfrey','Q14868'),(163,'Godfrey','Q14869'),(164,'JC MANUFACTURING INC.','Q14870'),(165,'Godfrey','Q14871'),(166,'POLAR KRAFT','Q14872'),(167,'Marine Mooring','Q14488'),(168,'Marine Mooring','Q14489'),(169,'Barletta Boat Company','Q14538'),(170,'Smoker Craft, INC','Q14581'),(171,'Coachmen RV','Q14633'),(172,'Arboc Specialty Vehicles','Q14637'),(173,'Godfrey','Q14676'),(174,'Godfrey','Q14713'),(175,'Brunswick','Q14729'),(176,'Barletta Boat Company','Q14780'),(177,'JC MANUFACTURING INC.','Q14802'),(178,'POLAR KRAFT','Q14863'),(179,'Godfrey','Q14873'),(180,'Godfrey','Q14875');
/*!40000 ALTER TABLE `sales_order` ENABLE KEYS */;
UNLOCK TABLES;

--
-- Table structure for table `sales_order_item`
--

DROP TABLE IF EXISTS `sales_order_item`;
/*!40101 SET @saved_cs_client     = @@character_set_client */;
/*!50503 SET character_set_client = utf8mb4 */;
CREATE TABLE `sales_order_item` (
  `id` int(11) NOT NULL AUTO_INCREMENT,
  `sales_order_id` int(11) NOT NULL,
  `product_id` int(11) NOT NULL,
  `qty_to_fulfill` decimal(28,9) NOT NULL,
  `qty_fulfilled` decimal(28,9) NOT NULL,
  `qty_picked` decimal(28,9) NOT NULL,
  `line_number` int(11) NOT NULL,
  `due_date` datetime(6) NOT NULL,
  `cut_in_full` bit(1) NOT NULL DEFAULT b'0',
  `date_added` datetime(6) NOT NULL,
  PRIMARY KEY (`id`),
  KEY `FK_buiajikfbgiuadfrgkijsfgbkj_idx` (`sales_order_id`),
  KEY `FK_buiwejfgbuiwefjhbghjarg_idx` (`product_id`),
  CONSTRAINT `FK_buiajikfbgiuadfrgkijsfgbkj` FOREIGN KEY (`sales_order_id`) REFERENCES `sales_order` (`id`) ON DELETE NO ACTION ON UPDATE NO ACTION,
  CONSTRAINT `FK_buiwejfgbuiwefjhbghjarg` FOREIGN KEY (`product_id`) REFERENCES `product` (`id`) ON DELETE NO ACTION ON UPDATE NO ACTION
) ENGINE=InnoDB AUTO_INCREMENT=886 DEFAULT CHARSET=utf8;
/*!40101 SET character_set_client = @saved_cs_client */;

--
-- Dumping data for table `sales_order_item`
--

LOCK TABLES `sales_order_item` WRITE;
/*!40000 ALTER TABLE `sales_order_item` DISABLE KEYS */;
INSERT INTO `sales_order_item` VALUES (1,1,1,120.000000000,0.000000000,0.000000000,1,'2021-07-12 00:00:00.000000',_binary '','2021-08-23 06:00:42.000000'),(2,1,2,60.000000000,0.000000000,0.000000000,2,'2021-07-12 00:00:00.000000',_binary '','2021-08-23 06:00:42.000000'),(3,1,3,100.000000000,0.000000000,0.000000000,3,'2021-07-12 00:00:00.000000',_binary '','2021-08-23 06:00:43.000000'),(4,2,1,120.000000000,0.000000000,0.000000000,1,'2021-07-19 00:00:00.000000',_binary '','2021-08-23 06:00:43.000000'),(5,3,1,40.000000000,0.000000000,0.000000000,1,'2021-07-26 00:00:00.000000',_binary '\0','2021-08-23 06:00:43.000000'),(6,4,5,100.000000000,0.000000000,0.000000000,3,'2021-08-02 00:00:00.000000',_binary '','2021-08-23 06:00:43.000000'),(7,4,6,100.000000000,0.000000000,0.000000000,3,'2021-08-02 00:00:00.000000',_binary '','2021-08-23 06:00:43.000000'),(8,4,7,100.000000000,0.000000000,0.000000000,3,'2021-08-02 00:00:00.000000',_binary '','2021-08-23 06:00:43.000000'),(9,4,8,50.000000000,0.000000000,0.000000000,9,'2021-08-02 00:00:00.000000',_binary '','2021-08-23 06:00:43.000000'),(10,5,9,30.000000000,0.000000000,0.000000000,4,'2021-06-22 00:00:00.000000',_binary '','2021-08-23 06:00:43.000000'),(11,6,10,30.000000000,0.000000000,0.000000000,3,'2021-06-22 00:00:00.000000',_binary '','2021-08-23 06:00:43.000000'),(12,7,12,1.000000000,0.000000000,0.000000000,1,'2021-08-31 00:00:00.000000',_binary '','2021-08-23 06:00:43.000000'),(13,7,13,1.000000000,0.000000000,0.000000000,1,'2021-08-31 00:00:00.000000',_binary '','2021-08-23 06:00:43.000000'),(14,7,14,1.000000000,0.000000000,0.000000000,1,'2021-08-31 00:00:00.000000',_binary '','2021-08-23 06:00:43.000000'),(15,7,15,1.000000000,0.000000000,0.000000000,1,'2021-08-31 00:00:00.000000',_binary '','2021-08-23 06:00:43.000000'),(16,7,16,1.000000000,0.000000000,0.000000000,1,'2021-08-31 00:00:00.000000',_binary '','2021-08-23 06:00:43.000000'),(17,7,17,1.000000000,0.000000000,0.000000000,1,'2021-08-31 00:00:00.000000',_binary '','2021-08-23 06:00:43.000000'),(18,8,19,1.000000000,0.000000000,0.000000000,1,'2021-08-31 00:00:00.000000',_binary '','2021-08-23 06:00:43.000000'),(19,8,13,1.000000000,0.000000000,0.000000000,1,'2021-08-31 00:00:00.000000',_binary '','2021-08-23 06:00:43.000000'),(20,8,14,1.000000000,0.000000000,0.000000000,1,'2021-08-31 00:00:00.000000',_binary '','2021-08-23 06:00:43.000000'),(21,8,15,1.000000000,0.000000000,0.000000000,1,'2021-08-31 00:00:00.000000',_binary '','2021-08-23 06:00:43.000000'),(22,8,16,1.000000000,0.000000000,0.000000000,1,'2021-08-31 00:00:00.000000',_binary '','2021-08-23 06:00:43.000000'),(23,9,20,113.000000000,0.000000000,0.000000000,1,'2021-08-09 00:00:00.000000',_binary '','2021-08-23 06:00:43.000000'),(24,10,21,25.000000000,0.000000000,0.000000000,1,'2021-09-20 00:00:00.000000',_binary '\0','2021-08-23 06:00:44.000000'),(25,10,22,25.000000000,0.000000000,0.000000000,2,'2021-09-20 00:00:00.000000',_binary '\0','2021-08-23 06:00:44.000000'),(26,10,24,25.000000000,0.000000000,0.000000000,3,'2021-09-20 00:00:00.000000',_binary '\0','2021-08-23 06:00:44.000000'),(27,10,25,11.000000000,0.000000000,0.000000000,4,'2021-09-20 00:00:00.000000',_binary '\0','2021-08-23 06:00:44.000000'),(28,10,26,5.000000000,0.000000000,0.000000000,6,'2021-09-20 00:00:00.000000',_binary '','2021-08-23 06:00:44.000000'),(29,10,28,5.000000000,0.000000000,0.000000000,8,'2021-09-20 00:00:00.000000',_binary '\0','2021-08-23 06:00:44.000000'),(30,11,22,25.000000000,0.000000000,0.000000000,2,'2021-08-16 00:00:00.000000',_binary '\0','2021-08-23 06:00:44.000000'),(31,11,24,25.000000000,0.000000000,0.000000000,3,'2021-08-16 00:00:00.000000',_binary '\0','2021-08-23 06:00:44.000000'),(32,11,25,11.000000000,0.000000000,0.000000000,4,'2021-08-16 00:00:00.000000',_binary '','2021-08-23 06:00:44.000000'),(33,11,26,5.000000000,0.000000000,0.000000000,6,'2021-08-16 00:00:00.000000',_binary '','2021-08-23 06:00:44.000000'),(34,11,28,5.000000000,0.000000000,0.000000000,8,'2021-08-16 00:00:00.000000',_binary '\0','2021-08-23 06:00:44.000000'),(35,12,25,11.000000000,0.000000000,0.000000000,4,'2021-07-12 00:00:00.000000',_binary '','2021-08-23 06:00:45.000000'),(36,12,26,5.000000000,0.000000000,0.000000000,6,'2021-07-12 00:00:00.000000',_binary '','2021-08-23 06:00:45.000000'),(37,12,28,5.000000000,0.000000000,0.000000000,8,'2021-07-12 00:00:00.000000',_binary '\0','2021-08-23 06:00:45.000000'),(38,13,28,8.000000000,0.000000000,0.000000000,1,'2021-08-31 00:00:00.000000',_binary '','2021-08-23 06:00:45.000000'),(39,14,28,8.000000000,0.000000000,0.000000000,1,'2021-08-31 00:00:00.000000',_binary '','2021-08-23 06:00:45.000000'),(40,15,30,1.000000000,0.000000000,0.000000000,3,'2021-07-16 00:00:00.000000',_binary '','2021-08-23 06:00:45.000000'),(41,15,31,1.000000000,0.000000000,0.000000000,3,'2021-07-16 00:00:00.000000',_binary '','2021-08-23 06:00:45.000000'),(42,15,32,1.000000000,0.000000000,0.000000000,3,'2021-07-16 00:00:00.000000',_binary '','2021-08-23 06:00:45.000000'),(43,16,34,50.000000000,0.000000000,0.000000000,1,'2021-07-30 00:00:00.000000',_binary '\0','2021-08-23 06:00:45.000000'),(44,16,35,50.000000000,0.000000000,0.000000000,1,'2021-07-30 00:00:00.000000',_binary '\0','2021-08-23 06:00:45.000000'),(45,17,34,50.000000000,0.000000000,0.000000000,1,'2021-08-12 00:00:00.000000',_binary '','2021-08-23 06:00:45.000000'),(46,17,35,50.000000000,0.000000000,0.000000000,1,'2021-08-12 00:00:00.000000',_binary '','2021-08-23 06:00:45.000000'),(47,18,36,10.000000000,0.000000000,0.000000000,2,'2021-07-16 00:00:00.000000',_binary '','2021-08-23 06:00:45.000000'),(48,18,37,10.000000000,0.000000000,0.000000000,3,'2021-07-16 00:00:00.000000',_binary '\0','2021-08-23 06:00:45.000000'),(49,18,38,15.000000000,0.000000000,0.000000000,5,'2021-07-16 00:00:00.000000',_binary '\0','2021-08-23 06:00:45.000000'),(50,18,39,10.000000000,0.000000000,0.000000000,21,'2021-07-16 00:00:00.000000',_binary '\0','2021-08-23 06:00:46.000000'),(51,19,30,1.000000000,0.000000000,0.000000000,2,'2021-07-23 00:00:00.000000',_binary '','2021-08-23 06:00:46.000000'),(52,19,31,1.000000000,0.000000000,0.000000000,2,'2021-07-23 00:00:00.000000',_binary '','2021-08-23 06:00:46.000000'),(53,19,32,1.000000000,0.000000000,0.000000000,2,'2021-07-23 00:00:00.000000',_binary '','2021-08-23 06:00:46.000000'),(54,19,30,1.000000000,0.000000000,0.000000000,7,'2021-07-23 00:00:00.000000',_binary '','2021-08-23 06:00:46.000000'),(55,19,42,1.000000000,0.000000000,0.000000000,7,'2021-07-23 00:00:00.000000',_binary '','2021-08-23 06:00:46.000000'),(56,19,32,1.000000000,0.000000000,0.000000000,7,'2021-07-23 00:00:00.000000',_binary '','2021-08-23 06:00:46.000000'),(57,20,20,50.000000000,0.000000000,0.000000000,1,'2021-08-30 00:00:00.000000',_binary '\0','2021-08-23 06:00:46.000000'),(58,21,20,100.000000000,0.000000000,0.000000000,1,'2021-09-06 00:00:00.000000',_binary '\0','2021-08-23 06:00:46.000000'),(59,22,30,1.000000000,0.000000000,0.000000000,4,'2021-07-22 00:00:00.000000',_binary '','2021-08-23 06:00:46.000000'),(60,22,31,1.000000000,0.000000000,0.000000000,4,'2021-07-22 00:00:00.000000',_binary '','2021-08-23 06:00:46.000000'),(61,22,44,1.000000000,0.000000000,0.000000000,4,'2021-07-22 00:00:00.000000',_binary '','2021-08-23 06:00:46.000000'),(62,23,30,1.000000000,0.000000000,0.000000000,2,'2021-07-21 00:00:00.000000',_binary '\0','2021-08-23 06:00:46.000000'),(63,23,31,1.000000000,0.000000000,0.000000000,2,'2021-07-21 00:00:00.000000',_binary '\0','2021-08-23 06:00:46.000000'),(64,23,32,1.000000000,0.000000000,0.000000000,2,'2021-07-21 00:00:00.000000',_binary '\0','2021-08-23 06:00:46.000000'),(65,24,30,1.000000000,0.000000000,0.000000000,3,'2021-07-20 00:00:00.000000',_binary '','2021-08-23 06:00:46.000000'),(66,24,31,1.000000000,0.000000000,0.000000000,3,'2021-07-20 00:00:00.000000',_binary '','2021-08-23 06:00:46.000000'),(67,24,32,1.000000000,0.000000000,0.000000000,3,'2021-07-20 00:00:00.000000',_binary '','2021-08-23 06:00:46.000000'),(68,24,30,1.000000000,0.000000000,0.000000000,5,'2021-07-20 00:00:00.000000',_binary '','2021-08-23 06:00:46.000000'),(69,24,42,1.000000000,0.000000000,0.000000000,5,'2021-07-20 00:00:00.000000',_binary '','2021-08-23 06:00:46.000000'),(70,24,32,1.000000000,0.000000000,0.000000000,5,'2021-07-20 00:00:00.000000',_binary '','2021-08-23 06:00:46.000000'),(71,25,30,1.000000000,0.000000000,0.000000000,2,'2021-07-19 00:00:00.000000',_binary '\0','2021-08-23 06:00:46.000000'),(72,25,31,1.000000000,0.000000000,0.000000000,2,'2021-07-19 00:00:00.000000',_binary '\0','2021-08-23 06:00:46.000000'),(73,25,46,1.000000000,0.000000000,0.000000000,2,'2021-07-19 00:00:00.000000',_binary '','2021-08-23 06:00:46.000000'),(74,25,44,1.000000000,0.000000000,0.000000000,2,'2021-07-19 00:00:00.000000',_binary '\0','2021-08-23 06:00:46.000000'),(75,26,30,2.000000000,0.000000000,0.000000000,5,'2021-07-30 00:00:00.000000',_binary '','2021-08-23 06:00:46.000000'),(76,26,31,2.000000000,0.000000000,0.000000000,5,'2021-07-30 00:00:00.000000',_binary '','2021-08-23 06:00:46.000000'),(77,26,32,2.000000000,0.000000000,0.000000000,5,'2021-07-30 00:00:00.000000',_binary '','2021-08-23 06:00:46.000000'),(78,27,30,1.000000000,0.000000000,0.000000000,5,'2021-07-28 00:00:00.000000',_binary '','2021-08-23 06:00:46.000000'),(79,27,31,1.000000000,0.000000000,0.000000000,5,'2021-07-28 00:00:00.000000',_binary '','2021-08-23 06:00:46.000000'),(80,27,32,1.000000000,0.000000000,0.000000000,5,'2021-07-28 00:00:00.000000',_binary '','2021-08-23 06:00:46.000000'),(81,28,30,1.000000000,0.000000000,0.000000000,2,'2021-07-27 00:00:00.000000',_binary '','2021-08-23 06:00:46.000000'),(82,28,31,1.000000000,0.000000000,0.000000000,2,'2021-07-27 00:00:00.000000',_binary '','2021-08-23 06:00:46.000000'),(83,28,32,1.000000000,0.000000000,0.000000000,2,'2021-07-27 00:00:00.000000',_binary '','2021-08-23 06:00:46.000000'),(84,28,30,1.000000000,0.000000000,0.000000000,5,'2021-07-27 00:00:00.000000',_binary '','2021-08-23 06:00:47.000000'),(85,28,42,1.000000000,0.000000000,0.000000000,5,'2021-07-27 00:00:00.000000',_binary '','2021-08-23 06:00:47.000000'),(86,28,32,1.000000000,0.000000000,0.000000000,5,'2021-07-27 00:00:00.000000',_binary '','2021-08-23 06:00:47.000000'),(87,29,30,1.000000000,0.000000000,0.000000000,6,'2021-07-26 00:00:00.000000',_binary '','2021-08-23 06:00:47.000000'),(88,29,31,1.000000000,0.000000000,0.000000000,6,'2021-07-26 00:00:00.000000',_binary '','2021-08-23 06:00:47.000000'),(89,29,32,1.000000000,0.000000000,0.000000000,6,'2021-07-26 00:00:00.000000',_binary '','2021-08-23 06:00:47.000000'),(90,30,30,1.000000000,0.000000000,0.000000000,1,'2021-08-06 00:00:00.000000',_binary '','2021-08-23 06:00:47.000000'),(91,30,42,1.000000000,0.000000000,0.000000000,1,'2021-08-06 00:00:00.000000',_binary '','2021-08-23 06:00:47.000000'),(92,30,32,1.000000000,0.000000000,0.000000000,1,'2021-08-06 00:00:00.000000',_binary '','2021-08-23 06:00:47.000000'),(93,30,48,1.000000000,0.000000000,0.000000000,3,'2021-08-06 00:00:00.000000',_binary '','2021-08-23 06:00:47.000000'),(94,30,30,1.000000000,0.000000000,0.000000000,5,'2021-08-06 00:00:00.000000',_binary '','2021-08-23 06:00:47.000000'),(95,30,31,1.000000000,0.000000000,0.000000000,5,'2021-08-06 00:00:00.000000',_binary '','2021-08-23 06:00:47.000000'),(96,30,32,1.000000000,0.000000000,0.000000000,5,'2021-08-06 00:00:00.000000',_binary '','2021-08-23 06:00:47.000000'),(97,30,48,1.000000000,0.000000000,0.000000000,7,'2021-08-06 00:00:00.000000',_binary '','2021-08-23 06:00:47.000000'),(98,30,50,1.000000000,0.000000000,0.000000000,7,'2021-08-06 00:00:00.000000',_binary '\0','2021-08-23 06:00:47.000000'),(99,31,51,1.000000000,0.000000000,0.000000000,1,'2021-08-05 00:00:00.000000',_binary '\0','2021-08-23 06:00:47.000000'),(100,31,52,1.000000000,0.000000000,0.000000000,2,'2021-08-05 00:00:00.000000',_binary '\0','2021-08-23 06:00:47.000000'),(101,31,30,1.000000000,0.000000000,0.000000000,3,'2021-08-05 00:00:00.000000',_binary '','2021-08-23 06:00:47.000000'),(102,31,42,1.000000000,0.000000000,0.000000000,3,'2021-08-05 00:00:00.000000',_binary '','2021-08-23 06:00:47.000000'),(103,31,32,1.000000000,0.000000000,0.000000000,3,'2021-08-05 00:00:00.000000',_binary '','2021-08-23 06:00:47.000000'),(104,31,48,1.000000000,0.000000000,0.000000000,7,'2021-08-05 00:00:00.000000',_binary '','2021-08-23 06:00:48.000000'),(105,31,50,1.000000000,0.000000000,0.000000000,7,'2021-08-05 00:00:00.000000',_binary '\0','2021-08-23 06:00:48.000000'),(106,31,30,1.000000000,0.000000000,0.000000000,8,'2021-08-05 00:00:00.000000',_binary '','2021-08-23 06:00:48.000000'),(107,31,31,1.000000000,0.000000000,0.000000000,8,'2021-08-05 00:00:00.000000',_binary '','2021-08-23 06:00:48.000000'),(108,31,32,1.000000000,0.000000000,0.000000000,8,'2021-08-05 00:00:00.000000',_binary '','2021-08-23 06:00:48.000000'),(109,32,30,1.000000000,0.000000000,0.000000000,2,'2021-08-04 00:00:00.000000',_binary '','2021-08-23 06:00:48.000000'),(110,32,31,1.000000000,0.000000000,0.000000000,2,'2021-08-04 00:00:00.000000',_binary '','2021-08-23 06:00:48.000000'),(111,32,32,1.000000000,0.000000000,0.000000000,2,'2021-08-04 00:00:00.000000',_binary '','2021-08-23 06:00:48.000000'),(112,32,48,1.000000000,0.000000000,0.000000000,4,'2021-08-04 00:00:00.000000',_binary '','2021-08-23 06:00:48.000000'),(113,32,50,1.000000000,0.000000000,0.000000000,4,'2021-08-04 00:00:00.000000',_binary '\0','2021-08-23 06:00:48.000000'),(114,33,51,1.000000000,0.000000000,0.000000000,1,'2021-08-03 00:00:00.000000',_binary '\0','2021-08-23 06:00:48.000000'),(115,33,52,1.000000000,0.000000000,0.000000000,2,'2021-08-03 00:00:00.000000',_binary '\0','2021-08-23 06:00:48.000000'),(116,33,30,1.000000000,0.000000000,0.000000000,3,'2021-08-03 00:00:00.000000',_binary '','2021-08-23 06:00:48.000000'),(117,33,31,1.000000000,0.000000000,0.000000000,3,'2021-08-03 00:00:00.000000',_binary '','2021-08-23 06:00:48.000000'),(118,33,32,1.000000000,0.000000000,0.000000000,3,'2021-08-03 00:00:00.000000',_binary '','2021-08-23 06:00:48.000000'),(119,33,48,1.000000000,0.000000000,0.000000000,7,'2021-08-03 00:00:00.000000',_binary '','2021-08-23 06:00:48.000000'),(120,33,50,1.000000000,0.000000000,0.000000000,7,'2021-08-03 00:00:00.000000',_binary '\0','2021-08-23 06:00:48.000000'),(121,34,30,1.000000000,0.000000000,0.000000000,2,'2021-08-02 00:00:00.000000',_binary '','2021-08-23 06:00:48.000000'),(122,34,42,1.000000000,0.000000000,0.000000000,2,'2021-08-02 00:00:00.000000',_binary '','2021-08-23 06:00:48.000000'),(123,34,32,1.000000000,0.000000000,0.000000000,2,'2021-08-02 00:00:00.000000',_binary '','2021-08-23 06:00:49.000000'),(124,34,30,1.000000000,0.000000000,0.000000000,4,'2021-08-02 00:00:00.000000',_binary '','2021-08-23 06:00:49.000000'),(125,34,31,1.000000000,0.000000000,0.000000000,4,'2021-08-02 00:00:00.000000',_binary '','2021-08-23 06:00:49.000000'),(126,34,44,1.000000000,0.000000000,0.000000000,4,'2021-08-02 00:00:00.000000',_binary '','2021-08-23 06:00:49.000000'),(127,34,48,1.000000000,0.000000000,0.000000000,6,'2021-08-02 00:00:00.000000',_binary '','2021-08-23 06:00:49.000000'),(128,34,50,1.000000000,0.000000000,0.000000000,6,'2021-08-02 00:00:00.000000',_binary '\0','2021-08-23 06:00:49.000000'),(129,35,54,110.000000000,0.000000000,0.000000000,1,'2021-10-11 00:00:00.000000',_binary '\0','2021-08-23 06:00:49.000000'),(130,35,55,110.000000000,0.000000000,0.000000000,2,'2021-10-11 00:00:00.000000',_binary '\0','2021-08-23 06:00:49.000000'),(131,35,56,50.000000000,0.000000000,0.000000000,3,'2021-10-11 00:00:00.000000',_binary '\0','2021-08-23 06:00:49.000000'),(132,35,5,110.000000000,0.000000000,0.000000000,4,'2021-10-11 00:00:00.000000',_binary '','2021-08-23 06:00:49.000000'),(133,35,6,110.000000000,0.000000000,0.000000000,4,'2021-10-11 00:00:00.000000',_binary '','2021-08-23 06:00:49.000000'),(134,35,7,110.000000000,0.000000000,0.000000000,4,'2021-10-11 00:00:00.000000',_binary '','2021-08-23 06:00:49.000000'),(135,35,57,100.000000000,0.000000000,0.000000000,5,'2021-10-11 00:00:00.000000',_binary '\0','2021-08-23 06:00:49.000000'),(136,35,58,220.000000000,0.000000000,0.000000000,6,'2021-10-11 00:00:00.000000',_binary '\0','2021-08-23 06:00:49.000000'),(137,35,59,180.000000000,0.000000000,0.000000000,7,'2021-10-11 00:00:00.000000',_binary '\0','2021-08-23 06:00:50.000000'),(138,35,60,50.000000000,0.000000000,0.000000000,8,'2021-10-11 00:00:00.000000',_binary '\0','2021-08-23 06:00:50.000000'),(139,36,54,110.000000000,0.000000000,0.000000000,1,'2021-09-27 00:00:00.000000',_binary '\0','2021-08-23 06:00:50.000000'),(140,36,55,110.000000000,0.000000000,0.000000000,2,'2021-09-27 00:00:00.000000',_binary '\0','2021-08-23 06:00:50.000000'),(141,36,56,50.000000000,0.000000000,0.000000000,3,'2021-09-27 00:00:00.000000',_binary '\0','2021-08-23 06:00:50.000000'),(142,36,5,110.000000000,0.000000000,0.000000000,4,'2021-09-27 00:00:00.000000',_binary '\0','2021-08-23 06:00:50.000000'),(143,36,6,110.000000000,0.000000000,0.000000000,4,'2021-09-27 00:00:00.000000',_binary '\0','2021-08-23 06:00:50.000000'),(144,36,7,110.000000000,0.000000000,0.000000000,4,'2021-09-27 00:00:00.000000',_binary '\0','2021-08-23 06:00:50.000000'),(145,36,57,100.000000000,0.000000000,0.000000000,5,'2021-09-27 00:00:00.000000',_binary '\0','2021-08-23 06:00:50.000000'),(146,36,58,220.000000000,0.000000000,0.000000000,6,'2021-09-27 00:00:00.000000',_binary '\0','2021-08-23 06:00:50.000000'),(147,36,59,180.000000000,0.000000000,0.000000000,7,'2021-09-27 00:00:00.000000',_binary '\0','2021-08-23 06:00:50.000000'),(148,36,60,50.000000000,0.000000000,0.000000000,8,'2021-09-27 00:00:00.000000',_binary '\0','2021-08-23 06:00:50.000000'),(149,37,54,110.000000000,0.000000000,0.000000000,1,'2021-09-13 00:00:00.000000',_binary '\0','2021-08-23 06:00:50.000000'),(150,37,55,110.000000000,0.000000000,0.000000000,2,'2021-09-13 00:00:00.000000',_binary '','2021-08-23 06:00:50.000000'),(151,37,56,50.000000000,0.000000000,0.000000000,3,'2021-09-13 00:00:00.000000',_binary '\0','2021-08-23 06:00:50.000000'),(152,37,5,110.000000000,0.000000000,0.000000000,4,'2021-09-13 00:00:00.000000',_binary '\0','2021-08-23 06:00:50.000000'),(153,37,6,110.000000000,0.000000000,0.000000000,4,'2021-09-13 00:00:00.000000',_binary '\0','2021-08-23 06:00:50.000000'),(154,37,7,110.000000000,0.000000000,0.000000000,4,'2021-09-13 00:00:00.000000',_binary '\0','2021-08-23 06:00:51.000000'),(155,37,57,100.000000000,0.000000000,0.000000000,5,'2021-09-13 00:00:00.000000',_binary '\0','2021-08-23 06:00:51.000000'),(156,37,58,220.000000000,0.000000000,0.000000000,6,'2021-09-13 00:00:00.000000',_binary '\0','2021-08-23 06:00:51.000000'),(157,37,59,180.000000000,0.000000000,0.000000000,7,'2021-09-13 00:00:00.000000',_binary '\0','2021-08-23 06:00:51.000000'),(158,37,60,50.000000000,0.000000000,0.000000000,8,'2021-09-13 00:00:00.000000',_binary '\0','2021-08-23 06:00:51.000000'),(159,38,54,110.000000000,0.000000000,0.000000000,1,'2021-08-30 00:00:00.000000',_binary '\0','2021-08-23 06:00:51.000000'),(160,38,55,110.000000000,0.000000000,0.000000000,2,'2021-08-30 00:00:00.000000',_binary '','2021-08-23 06:00:51.000000'),(161,38,5,110.000000000,0.000000000,0.000000000,4,'2021-08-30 00:00:00.000000',_binary '\0','2021-08-23 06:00:51.000000'),(162,38,6,110.000000000,0.000000000,0.000000000,4,'2021-08-30 00:00:00.000000',_binary '\0','2021-08-23 06:00:51.000000'),(163,38,7,110.000000000,0.000000000,0.000000000,4,'2021-08-30 00:00:00.000000',_binary '\0','2021-08-23 06:00:51.000000'),(164,38,58,220.000000000,0.000000000,0.000000000,6,'2021-08-30 00:00:00.000000',_binary '\0','2021-08-23 06:00:51.000000'),(165,38,60,50.000000000,0.000000000,0.000000000,8,'2021-08-30 00:00:00.000000',_binary '','2021-08-23 06:00:51.000000'),(166,39,5,110.000000000,0.000000000,0.000000000,4,'2021-08-16 00:00:00.000000',_binary '\0','2021-08-23 06:00:51.000000'),(167,39,6,110.000000000,0.000000000,0.000000000,4,'2021-08-16 00:00:00.000000',_binary '\0','2021-08-23 06:00:51.000000'),(168,39,7,110.000000000,0.000000000,0.000000000,4,'2021-08-16 00:00:00.000000',_binary '\0','2021-08-23 06:00:51.000000'),(169,39,58,220.000000000,0.000000000,0.000000000,6,'2021-08-16 00:00:00.000000',_binary '\0','2021-08-23 06:00:51.000000'),(170,40,61,10.000000000,0.000000000,0.000000000,1,'2021-08-20 00:00:00.000000',_binary '','2021-08-23 06:00:52.000000'),(171,40,62,10.000000000,0.000000000,0.000000000,2,'2021-08-20 00:00:00.000000',_binary '','2021-08-23 06:00:52.000000'),(172,40,63,5.000000000,0.000000000,0.000000000,3,'2021-08-20 00:00:00.000000',_binary '','2021-08-23 06:00:52.000000'),(173,40,64,10.000000000,0.000000000,0.000000000,4,'2021-08-20 00:00:00.000000',_binary '','2021-08-23 06:00:52.000000'),(174,40,65,10.000000000,0.000000000,0.000000000,5,'2021-08-20 00:00:00.000000',_binary '','2021-08-23 06:00:52.000000'),(175,40,66,10.000000000,0.000000000,0.000000000,6,'2021-08-20 00:00:00.000000',_binary '','2021-08-23 06:00:52.000000'),(176,40,67,10.000000000,0.000000000,0.000000000,9,'2021-08-20 00:00:00.000000',_binary '','2021-08-23 06:00:52.000000'),(177,40,68,10.000000000,0.000000000,0.000000000,10,'2021-08-20 00:00:00.000000',_binary '','2021-08-23 06:00:52.000000'),(178,40,69,4.000000000,0.000000000,0.000000000,11,'2021-08-20 00:00:00.000000',_binary '','2021-08-23 06:00:52.000000'),(179,41,70,50.000000000,0.000000000,0.000000000,3,'2021-08-12 00:00:00.000000',_binary '','2021-08-23 06:00:52.000000'),(180,42,71,75.000000000,0.000000000,0.000000000,2,'2021-08-19 00:00:00.000000',_binary '','2021-08-23 06:00:52.000000'),(181,42,70,50.000000000,0.000000000,0.000000000,3,'2021-08-19 00:00:00.000000',_binary '','2021-08-23 06:00:52.000000'),(182,42,72,80.000000000,0.000000000,0.000000000,4,'2021-08-19 00:00:00.000000',_binary '','2021-08-23 06:00:52.000000'),(183,42,73,60.000000000,0.000000000,0.000000000,5,'2021-08-19 00:00:00.000000',_binary '','2021-08-23 06:00:52.000000'),(184,43,74,2.000000000,0.000000000,0.000000000,1,'2021-08-19 00:00:00.000000',_binary '','2021-08-23 06:00:52.000000'),(185,44,51,1.000000000,0.000000000,0.000000000,1,'2021-08-13 00:00:00.000000',_binary '\0','2021-08-23 06:00:53.000000'),(186,44,52,1.000000000,0.000000000,0.000000000,2,'2021-08-13 00:00:00.000000',_binary '\0','2021-08-23 06:00:53.000000'),(187,44,30,1.000000000,0.000000000,0.000000000,4,'2021-08-13 00:00:00.000000',_binary '','2021-08-23 06:00:53.000000'),(188,44,42,1.000000000,0.000000000,0.000000000,4,'2021-08-13 00:00:00.000000',_binary '','2021-08-23 06:00:53.000000'),(189,44,32,1.000000000,0.000000000,0.000000000,4,'2021-08-13 00:00:00.000000',_binary '','2021-08-23 06:00:53.000000'),(190,44,77,2.000000000,0.000000000,0.000000000,5,'2021-08-13 00:00:00.000000',_binary '','2021-08-23 06:00:53.000000'),(191,44,78,2.000000000,0.000000000,0.000000000,5,'2021-08-13 00:00:00.000000',_binary '','2021-08-23 06:00:53.000000'),(192,44,30,1.000000000,0.000000000,0.000000000,6,'2021-08-13 00:00:00.000000',_binary '','2021-08-23 06:00:53.000000'),(193,44,31,1.000000000,0.000000000,0.000000000,6,'2021-08-13 00:00:00.000000',_binary '','2021-08-23 06:00:53.000000'),(194,44,32,1.000000000,0.000000000,0.000000000,6,'2021-08-13 00:00:00.000000',_binary '','2021-08-23 06:00:53.000000'),(195,44,48,1.000000000,0.000000000,0.000000000,8,'2021-08-13 00:00:00.000000',_binary '','2021-08-23 06:00:53.000000'),(196,44,50,1.000000000,0.000000000,0.000000000,8,'2021-08-13 00:00:00.000000',_binary '\0','2021-08-23 06:00:53.000000'),(197,45,48,2.000000000,0.000000000,0.000000000,2,'2021-08-12 00:00:00.000000',_binary '','2021-08-23 06:00:53.000000'),(198,45,50,2.000000000,0.000000000,0.000000000,2,'2021-08-12 00:00:00.000000',_binary '\0','2021-08-23 06:00:53.000000'),(199,45,30,1.000000000,0.000000000,0.000000000,4,'2021-08-12 00:00:00.000000',_binary '','2021-08-23 06:00:53.000000'),(200,45,42,1.000000000,0.000000000,0.000000000,4,'2021-08-12 00:00:00.000000',_binary '','2021-08-23 06:00:53.000000'),(201,45,32,1.000000000,0.000000000,0.000000000,4,'2021-08-12 00:00:00.000000',_binary '','2021-08-23 06:00:53.000000'),(202,45,77,1.000000000,0.000000000,0.000000000,5,'2021-08-12 00:00:00.000000',_binary '','2021-08-23 06:00:54.000000'),(203,45,78,1.000000000,0.000000000,0.000000000,5,'2021-08-12 00:00:00.000000',_binary '','2021-08-23 06:00:54.000000'),(204,46,51,1.000000000,0.000000000,0.000000000,1,'2021-08-11 00:00:00.000000',_binary '\0','2021-08-23 06:00:54.000000'),(205,46,48,2.000000000,0.000000000,0.000000000,4,'2021-08-11 00:00:00.000000',_binary '','2021-08-23 06:00:54.000000'),(206,46,50,2.000000000,0.000000000,0.000000000,4,'2021-08-11 00:00:00.000000',_binary '\0','2021-08-23 06:00:54.000000'),(207,46,30,1.000000000,0.000000000,0.000000000,5,'2021-08-11 00:00:00.000000',_binary '','2021-08-23 06:00:54.000000'),(208,46,31,1.000000000,0.000000000,0.000000000,5,'2021-08-11 00:00:00.000000',_binary '','2021-08-23 06:00:54.000000'),(209,46,44,1.000000000,0.000000000,0.000000000,5,'2021-08-11 00:00:00.000000',_binary '','2021-08-23 06:00:54.000000'),(210,47,48,1.000000000,0.000000000,0.000000000,2,'2021-08-10 00:00:00.000000',_binary '','2021-08-23 06:00:54.000000'),(211,47,50,1.000000000,0.000000000,0.000000000,2,'2021-08-10 00:00:00.000000',_binary '\0','2021-08-23 06:00:54.000000'),(212,47,30,1.000000000,0.000000000,0.000000000,3,'2021-08-10 00:00:00.000000',_binary '','2021-08-23 06:00:54.000000'),(213,47,31,1.000000000,0.000000000,0.000000000,3,'2021-08-10 00:00:00.000000',_binary '','2021-08-23 06:00:54.000000'),(214,47,32,1.000000000,0.000000000,0.000000000,3,'2021-08-10 00:00:00.000000',_binary '','2021-08-23 06:00:54.000000'),(215,47,30,1.000000000,0.000000000,0.000000000,5,'2021-08-10 00:00:00.000000',_binary '','2021-08-23 06:00:54.000000'),(216,47,42,1.000000000,0.000000000,0.000000000,5,'2021-08-10 00:00:00.000000',_binary '','2021-08-23 06:00:54.000000'),(217,47,32,1.000000000,0.000000000,0.000000000,5,'2021-08-10 00:00:00.000000',_binary '','2021-08-23 06:00:54.000000'),(218,48,51,1.000000000,0.000000000,0.000000000,1,'2021-08-09 00:00:00.000000',_binary '\0','2021-08-23 06:00:54.000000'),(219,48,52,1.000000000,0.000000000,0.000000000,2,'2021-08-09 00:00:00.000000',_binary '\0','2021-08-23 06:00:54.000000'),(220,48,30,1.000000000,0.000000000,0.000000000,4,'2021-08-09 00:00:00.000000',_binary '','2021-08-23 06:00:54.000000'),(221,48,31,1.000000000,0.000000000,0.000000000,4,'2021-08-09 00:00:00.000000',_binary '','2021-08-23 06:00:54.000000'),(222,48,32,1.000000000,0.000000000,0.000000000,4,'2021-08-09 00:00:00.000000',_binary '','2021-08-23 06:00:54.000000'),(223,48,30,1.000000000,0.000000000,0.000000000,6,'2021-08-09 00:00:00.000000',_binary '','2021-08-23 06:00:55.000000'),(224,48,42,1.000000000,0.000000000,0.000000000,6,'2021-08-09 00:00:00.000000',_binary '','2021-08-23 06:00:55.000000'),(225,48,32,1.000000000,0.000000000,0.000000000,6,'2021-08-09 00:00:00.000000',_binary '','2021-08-23 06:00:55.000000'),(226,48,48,1.000000000,0.000000000,0.000000000,8,'2021-08-09 00:00:00.000000',_binary '','2021-08-23 06:00:55.000000'),(227,48,50,1.000000000,0.000000000,0.000000000,8,'2021-08-09 00:00:00.000000',_binary '\0','2021-08-23 06:00:55.000000'),(228,49,80,5.000000000,0.000000000,0.000000000,1,'2021-08-26 00:00:00.000000',_binary '\0','2021-08-23 06:00:55.000000'),(229,50,82,50.000000000,0.000000000,0.000000000,1,'2021-08-20 00:00:00.000000',_binary '\0','2021-08-23 06:00:55.000000'),(230,50,83,50.000000000,0.000000000,0.000000000,1,'2021-08-20 00:00:00.000000',_binary '\0','2021-08-23 06:00:55.000000'),(231,51,82,50.000000000,0.000000000,0.000000000,1,'2021-09-03 00:00:00.000000',_binary '\0','2021-08-23 06:00:55.000000'),(232,51,83,50.000000000,0.000000000,0.000000000,1,'2021-09-03 00:00:00.000000',_binary '\0','2021-08-23 06:00:55.000000'),(233,52,20,125.000000000,0.000000000,0.000000000,1,'2021-09-27 00:00:00.000000',_binary '\0','2021-08-23 06:00:55.000000'),(234,53,20,100.000000000,0.000000000,0.000000000,1,'2021-09-20 00:00:00.000000',_binary '\0','2021-08-23 06:00:55.000000'),(235,54,84,30.000000000,0.000000000,0.000000000,2,'2021-08-03 00:00:00.000000',_binary '\0','2021-08-23 06:00:55.000000'),(236,55,84,60.000000000,0.000000000,0.000000000,2,'2021-08-10 00:00:00.000000',_binary '','2021-08-23 06:00:55.000000'),(237,55,85,6.000000000,0.000000000,0.000000000,3,'2021-08-10 00:00:00.000000',_binary '','2021-08-23 06:00:55.000000'),(238,56,84,40.000000000,0.000000000,0.000000000,2,'2021-08-17 00:00:00.000000',_binary '','2021-08-23 06:00:55.000000'),(239,56,85,6.000000000,0.000000000,0.000000000,3,'2021-08-17 00:00:00.000000',_binary '','2021-08-23 06:00:55.000000'),(240,57,86,25.000000000,0.000000000,0.000000000,4,'2021-08-03 00:00:00.000000',_binary '','2021-08-23 06:00:55.000000'),(241,58,87,50.000000000,0.000000000,0.000000000,1,'2021-08-09 00:00:00.000000',_binary '','2021-08-23 06:00:55.000000'),(242,59,88,20.000000000,0.000000000,0.000000000,4,'2021-08-10 00:00:00.000000',_binary '\0','2021-08-23 06:00:56.000000'),(243,59,89,20.000000000,0.000000000,0.000000000,6,'2021-08-10 00:00:00.000000',_binary '\0','2021-08-23 06:00:56.000000'),(244,60,90,4.000000000,0.000000000,0.000000000,1,'2021-07-30 00:00:00.000000',_binary '\0','2021-08-23 06:00:56.000000'),(245,61,30,1.000000000,0.000000000,0.000000000,2,'2021-08-20 00:00:00.000000',_binary '','2021-08-23 06:00:56.000000'),(246,61,31,1.000000000,0.000000000,0.000000000,2,'2021-08-20 00:00:00.000000',_binary '','2021-08-23 06:00:56.000000'),(247,61,32,1.000000000,0.000000000,0.000000000,2,'2021-08-20 00:00:00.000000',_binary '','2021-08-23 06:00:56.000000'),(248,61,77,2.000000000,0.000000000,0.000000000,3,'2021-08-20 00:00:00.000000',_binary '','2021-08-23 06:00:56.000000'),(249,61,78,2.000000000,0.000000000,0.000000000,3,'2021-08-20 00:00:00.000000',_binary '','2021-08-23 06:00:56.000000'),(250,61,48,1.000000000,0.000000000,0.000000000,5,'2021-08-20 00:00:00.000000',_binary '','2021-08-23 06:00:56.000000'),(251,61,50,1.000000000,0.000000000,0.000000000,5,'2021-08-20 00:00:00.000000',_binary '\0','2021-08-23 06:00:56.000000'),(252,61,30,1.000000000,0.000000000,0.000000000,6,'2021-08-20 00:00:00.000000',_binary '','2021-08-23 06:00:56.000000'),(253,61,42,1.000000000,0.000000000,0.000000000,6,'2021-08-20 00:00:00.000000',_binary '','2021-08-23 06:00:56.000000'),(254,62,3,110.000000000,0.000000000,0.000000000,1,'2021-08-06 00:00:00.000000',_binary '','2021-08-23 06:00:56.000000'),(255,62,1,128.000000000,0.000000000,0.000000000,2,'2021-08-06 00:00:00.000000',_binary '\0','2021-08-23 06:00:56.000000'),(256,62,92,200.000000000,0.000000000,0.000000000,3,'2021-08-06 00:00:00.000000',_binary '','2021-08-23 06:00:56.000000'),(257,62,2,50.000000000,0.000000000,0.000000000,4,'2021-08-06 00:00:00.000000',_binary '','2021-08-23 06:00:56.000000'),(258,63,3,110.000000000,0.000000000,0.000000000,1,'2021-08-13 00:00:00.000000',_binary '\0','2021-08-23 06:00:56.000000'),(259,63,1,128.000000000,0.000000000,0.000000000,2,'2021-08-13 00:00:00.000000',_binary '\0','2021-08-23 06:00:56.000000'),(260,63,2,50.000000000,0.000000000,0.000000000,3,'2021-08-13 00:00:00.000000',_binary '','2021-08-23 06:00:56.000000'),(261,64,3,110.000000000,0.000000000,0.000000000,1,'2021-08-20 00:00:00.000000',_binary '\0','2021-08-23 06:00:56.000000'),(262,64,1,128.000000000,0.000000000,0.000000000,2,'2021-08-20 00:00:00.000000',_binary '\0','2021-08-23 06:00:56.000000'),(263,64,2,50.000000000,0.000000000,0.000000000,3,'2021-08-20 00:00:00.000000',_binary '','2021-08-23 06:00:56.000000'),(264,64,93,85.000000000,0.000000000,0.000000000,4,'2021-08-20 00:00:00.000000',_binary '\0','2021-08-23 06:00:56.000000'),(265,65,3,110.000000000,0.000000000,0.000000000,1,'2021-08-27 00:00:00.000000',_binary '\0','2021-08-23 06:00:56.000000'),(266,65,1,128.000000000,0.000000000,0.000000000,2,'2021-08-27 00:00:00.000000',_binary '\0','2021-08-23 06:00:56.000000'),(267,65,2,50.000000000,0.000000000,0.000000000,3,'2021-08-27 00:00:00.000000',_binary '','2021-08-23 06:00:56.000000'),(268,65,93,85.000000000,0.000000000,0.000000000,4,'2021-08-27 00:00:00.000000',_binary '\0','2021-08-23 06:00:57.000000'),(269,66,3,110.000000000,0.000000000,0.000000000,1,'2021-09-03 00:00:00.000000',_binary '\0','2021-08-23 06:00:57.000000'),(270,66,1,128.000000000,0.000000000,0.000000000,2,'2021-09-03 00:00:00.000000',_binary '\0','2021-08-23 06:00:57.000000'),(271,66,2,50.000000000,0.000000000,0.000000000,3,'2021-09-03 00:00:00.000000',_binary '','2021-08-23 06:00:57.000000'),(272,66,93,85.000000000,0.000000000,0.000000000,4,'2021-09-03 00:00:00.000000',_binary '\0','2021-08-23 06:00:57.000000'),(273,67,3,110.000000000,0.000000000,0.000000000,1,'2021-09-10 00:00:00.000000',_binary '\0','2021-08-23 06:00:57.000000'),(274,67,1,128.000000000,0.000000000,0.000000000,2,'2021-09-10 00:00:00.000000',_binary '\0','2021-08-23 06:00:57.000000'),(275,67,2,50.000000000,0.000000000,0.000000000,3,'2021-09-10 00:00:00.000000',_binary '','2021-08-23 06:00:57.000000'),(276,67,93,85.000000000,0.000000000,0.000000000,4,'2021-09-10 00:00:00.000000',_binary '\0','2021-08-23 06:00:57.000000'),(277,67,94,75.000000000,0.000000000,0.000000000,5,'2021-09-10 00:00:00.000000',_binary '\0','2021-08-23 06:00:57.000000'),(278,68,3,110.000000000,0.000000000,0.000000000,1,'2021-09-17 00:00:00.000000',_binary '\0','2021-08-23 06:00:57.000000'),(279,68,1,128.000000000,0.000000000,0.000000000,2,'2021-09-17 00:00:00.000000',_binary '\0','2021-08-23 06:00:57.000000'),(280,68,2,50.000000000,0.000000000,0.000000000,3,'2021-09-17 00:00:00.000000',_binary '','2021-08-23 06:00:57.000000'),(281,68,93,85.000000000,0.000000000,0.000000000,4,'2021-09-17 00:00:00.000000',_binary '\0','2021-08-23 06:00:57.000000'),(282,68,94,75.000000000,0.000000000,0.000000000,5,'2021-09-17 00:00:00.000000',_binary '\0','2021-08-23 06:00:57.000000'),(283,69,3,110.000000000,0.000000000,0.000000000,1,'2021-09-24 00:00:00.000000',_binary '\0','2021-08-23 06:00:57.000000'),(284,69,1,128.000000000,0.000000000,0.000000000,2,'2021-09-24 00:00:00.000000',_binary '\0','2021-08-23 06:00:57.000000'),(285,69,2,50.000000000,0.000000000,0.000000000,3,'2021-09-24 00:00:00.000000',_binary '','2021-08-23 06:00:57.000000'),(286,69,93,85.000000000,0.000000000,0.000000000,4,'2021-09-24 00:00:00.000000',_binary '\0','2021-08-23 06:00:57.000000'),(287,69,94,75.000000000,0.000000000,0.000000000,5,'2021-09-24 00:00:00.000000',_binary '\0','2021-08-23 06:00:57.000000'),(288,70,3,110.000000000,0.000000000,0.000000000,1,'2021-10-01 00:00:00.000000',_binary '\0','2021-08-23 06:00:57.000000'),(289,70,1,128.000000000,0.000000000,0.000000000,2,'2021-10-01 00:00:00.000000',_binary '\0','2021-08-23 06:00:57.000000'),(290,70,2,50.000000000,0.000000000,0.000000000,3,'2021-10-01 00:00:00.000000',_binary '','2021-08-23 06:00:57.000000'),(291,70,93,85.000000000,0.000000000,0.000000000,4,'2021-10-01 00:00:00.000000',_binary '\0','2021-08-23 06:00:57.000000'),(292,70,94,75.000000000,0.000000000,0.000000000,5,'2021-10-01 00:00:00.000000',_binary '\0','2021-08-23 06:00:57.000000'),(293,71,3,110.000000000,0.000000000,0.000000000,1,'2021-10-08 00:00:00.000000',_binary '\0','2021-08-23 06:00:57.000000'),(294,71,1,128.000000000,0.000000000,0.000000000,2,'2021-10-08 00:00:00.000000',_binary '\0','2021-08-23 06:00:57.000000'),(295,71,2,50.000000000,0.000000000,0.000000000,3,'2021-10-08 00:00:00.000000',_binary '','2021-08-23 06:00:57.000000'),(296,71,93,85.000000000,0.000000000,0.000000000,4,'2021-10-08 00:00:00.000000',_binary '\0','2021-08-23 06:00:57.000000'),(297,71,94,75.000000000,0.000000000,0.000000000,5,'2021-10-08 00:00:00.000000',_binary '\0','2021-08-23 06:00:57.000000'),(298,72,3,110.000000000,0.000000000,0.000000000,1,'2021-10-15 00:00:00.000000',_binary '\0','2021-08-23 06:00:57.000000'),(299,72,1,128.000000000,0.000000000,0.000000000,2,'2021-10-15 00:00:00.000000',_binary '\0','2021-08-23 06:00:57.000000'),(300,72,2,50.000000000,0.000000000,0.000000000,3,'2021-10-15 00:00:00.000000',_binary '\0','2021-08-23 06:00:57.000000'),(301,72,93,85.000000000,0.000000000,0.000000000,4,'2021-10-15 00:00:00.000000',_binary '\0','2021-08-23 06:00:57.000000'),(302,72,94,75.000000000,0.000000000,0.000000000,5,'2021-10-15 00:00:00.000000',_binary '\0','2021-08-23 06:00:57.000000'),(303,73,3,110.000000000,0.000000000,0.000000000,1,'2021-10-22 00:00:00.000000',_binary '\0','2021-08-23 06:00:57.000000'),(304,73,1,128.000000000,0.000000000,0.000000000,2,'2021-10-22 00:00:00.000000',_binary '\0','2021-08-23 06:00:57.000000'),(305,73,2,50.000000000,0.000000000,0.000000000,3,'2021-10-22 00:00:00.000000',_binary '\0','2021-08-23 06:00:57.000000'),(306,73,93,85.000000000,0.000000000,0.000000000,4,'2021-10-22 00:00:00.000000',_binary '\0','2021-08-23 06:00:57.000000'),(307,73,94,75.000000000,0.000000000,0.000000000,5,'2021-10-22 00:00:00.000000',_binary '\0','2021-08-23 06:00:57.000000'),(308,74,3,110.000000000,0.000000000,0.000000000,1,'2021-10-29 00:00:00.000000',_binary '\0','2021-08-23 06:00:57.000000'),(309,74,1,128.000000000,0.000000000,0.000000000,2,'2021-10-29 00:00:00.000000',_binary '\0','2021-08-23 06:00:58.000000'),(310,74,2,50.000000000,0.000000000,0.000000000,3,'2021-10-29 00:00:00.000000',_binary '\0','2021-08-23 06:00:58.000000'),(311,74,93,85.000000000,0.000000000,0.000000000,4,'2021-10-29 00:00:00.000000',_binary '\0','2021-08-23 06:00:58.000000'),(312,74,94,75.000000000,0.000000000,0.000000000,5,'2021-10-29 00:00:00.000000',_binary '\0','2021-08-23 06:00:58.000000'),(313,75,51,1.000000000,0.000000000,0.000000000,1,'2021-08-19 00:00:00.000000',_binary '\0','2021-08-23 06:00:58.000000'),(314,75,52,1.000000000,0.000000000,0.000000000,2,'2021-08-19 00:00:00.000000',_binary '\0','2021-08-23 06:00:58.000000'),(315,75,48,1.000000000,0.000000000,0.000000000,4,'2021-08-19 00:00:00.000000',_binary '','2021-08-23 06:00:58.000000'),(316,75,50,1.000000000,0.000000000,0.000000000,4,'2021-08-19 00:00:00.000000',_binary '\0','2021-08-23 06:00:58.000000'),(317,75,30,1.000000000,0.000000000,0.000000000,5,'2021-08-19 00:00:00.000000',_binary '','2021-08-23 06:00:58.000000'),(318,75,31,1.000000000,0.000000000,0.000000000,5,'2021-08-19 00:00:00.000000',_binary '','2021-08-23 06:00:58.000000'),(319,75,32,1.000000000,0.000000000,0.000000000,5,'2021-08-19 00:00:00.000000',_binary '','2021-08-23 06:00:58.000000'),(320,75,77,2.000000000,0.000000000,0.000000000,6,'2021-08-19 00:00:00.000000',_binary '','2021-08-23 06:00:58.000000'),(321,75,78,2.000000000,0.000000000,0.000000000,6,'2021-08-19 00:00:00.000000',_binary '','2021-08-23 06:00:58.000000'),(322,75,30,1.000000000,0.000000000,0.000000000,8,'2021-08-19 00:00:00.000000',_binary '','2021-08-23 06:00:58.000000'),(323,75,42,1.000000000,0.000000000,0.000000000,8,'2021-08-19 00:00:00.000000',_binary '','2021-08-23 06:00:58.000000'),(324,76,48,3.000000000,0.000000000,0.000000000,2,'2021-08-18 00:00:00.000000',_binary '','2021-08-23 06:00:58.000000'),(325,76,50,3.000000000,0.000000000,0.000000000,2,'2021-08-18 00:00:00.000000',_binary '\0','2021-08-23 06:00:58.000000'),(326,76,30,1.000000000,0.000000000,0.000000000,3,'2021-08-18 00:00:00.000000',_binary '','2021-08-23 06:00:58.000000'),(327,76,31,1.000000000,0.000000000,0.000000000,3,'2021-08-18 00:00:00.000000',_binary '','2021-08-23 06:00:58.000000'),(328,76,32,1.000000000,0.000000000,0.000000000,3,'2021-08-18 00:00:00.000000',_binary '','2021-08-23 06:00:58.000000'),(329,76,77,1.000000000,0.000000000,0.000000000,4,'2021-08-18 00:00:00.000000',_binary '','2021-08-23 06:00:58.000000'),(330,76,78,1.000000000,0.000000000,0.000000000,4,'2021-08-18 00:00:00.000000',_binary '','2021-08-23 06:00:58.000000'),(331,77,51,1.000000000,0.000000000,0.000000000,1,'2021-08-17 00:00:00.000000',_binary '\0','2021-08-23 06:00:58.000000'),(332,77,52,1.000000000,0.000000000,0.000000000,2,'2021-08-17 00:00:00.000000',_binary '\0','2021-08-23 06:00:58.000000'),(333,77,48,1.000000000,0.000000000,0.000000000,5,'2021-08-17 00:00:00.000000',_binary '','2021-08-23 06:00:58.000000'),(334,77,50,1.000000000,0.000000000,0.000000000,5,'2021-08-17 00:00:00.000000',_binary '\0','2021-08-23 06:00:58.000000'),(335,77,30,1.000000000,0.000000000,0.000000000,6,'2021-08-17 00:00:00.000000',_binary '','2021-08-23 06:00:59.000000'),(336,77,42,1.000000000,0.000000000,0.000000000,6,'2021-08-17 00:00:00.000000',_binary '','2021-08-23 06:00:59.000000'),(337,77,32,1.000000000,0.000000000,0.000000000,6,'2021-08-17 00:00:00.000000',_binary '','2021-08-23 06:00:59.000000'),(338,77,77,2.000000000,0.000000000,0.000000000,7,'2021-08-17 00:00:00.000000',_binary '','2021-08-23 06:00:59.000000'),(339,77,78,2.000000000,0.000000000,0.000000000,7,'2021-08-17 00:00:00.000000',_binary '','2021-08-23 06:00:59.000000'),(340,77,30,1.000000000,0.000000000,0.000000000,8,'2021-08-17 00:00:00.000000',_binary '','2021-08-23 06:00:59.000000'),(341,77,31,1.000000000,0.000000000,0.000000000,8,'2021-08-17 00:00:00.000000',_binary '','2021-08-23 06:00:59.000000'),(342,77,44,1.000000000,0.000000000,0.000000000,8,'2021-08-17 00:00:00.000000',_binary '','2021-08-23 06:00:59.000000'),(343,78,48,2.000000000,0.000000000,0.000000000,4,'2021-08-16 00:00:00.000000',_binary '','2021-08-23 06:00:59.000000'),(344,78,50,2.000000000,0.000000000,0.000000000,4,'2021-08-16 00:00:00.000000',_binary '\0','2021-08-23 06:00:59.000000'),(345,78,30,1.000000000,0.000000000,0.000000000,5,'2021-08-16 00:00:00.000000',_binary '','2021-08-23 06:00:59.000000'),(346,78,31,1.000000000,0.000000000,0.000000000,5,'2021-08-16 00:00:00.000000',_binary '','2021-08-23 06:00:59.000000'),(347,78,32,1.000000000,0.000000000,0.000000000,5,'2021-08-16 00:00:00.000000',_binary '','2021-08-23 06:00:59.000000'),(348,78,77,2.000000000,0.000000000,0.000000000,6,'2021-08-16 00:00:00.000000',_binary '','2021-08-23 06:00:59.000000'),(349,78,78,2.000000000,0.000000000,0.000000000,6,'2021-08-16 00:00:00.000000',_binary '','2021-08-23 06:00:59.000000'),(350,78,30,1.000000000,0.000000000,0.000000000,7,'2021-08-16 00:00:00.000000',_binary '','2021-08-23 06:00:59.000000'),(351,78,42,1.000000000,0.000000000,0.000000000,7,'2021-08-16 00:00:00.000000',_binary '','2021-08-23 06:00:59.000000'),(352,78,32,1.000000000,0.000000000,0.000000000,7,'2021-08-16 00:00:00.000000',_binary '','2021-08-23 06:00:59.000000'),(353,79,96,50.000000000,0.000000000,0.000000000,1,'2021-08-20 00:00:00.000000',_binary '','2021-08-23 06:00:59.000000'),(354,80,20,117.000000000,0.000000000,0.000000000,1,'2021-10-11 00:00:00.000000',_binary '\0','2021-08-23 06:00:59.000000'),(355,81,20,109.000000000,0.000000000,0.000000000,1,'2021-10-04 00:00:00.000000',_binary '\0','2021-08-23 06:00:59.000000'),(356,82,98,50.000000000,0.000000000,0.000000000,1,'2021-08-10 00:00:00.000000',_binary '\0','2021-08-23 06:00:59.000000'),(357,82,99,50.000000000,0.000000000,0.000000000,1,'2021-08-10 00:00:00.000000',_binary '\0','2021-08-23 06:00:59.000000'),(358,82,100,50.000000000,0.000000000,0.000000000,1,'2021-08-10 00:00:00.000000',_binary '\0','2021-08-23 06:00:59.000000'),(359,82,101,50.000000000,0.000000000,0.000000000,1,'2021-08-10 00:00:00.000000',_binary '\0','2021-08-23 06:00:59.000000'),(360,82,102,50.000000000,0.000000000,0.000000000,1,'2021-08-10 00:00:00.000000',_binary '\0','2021-08-23 06:00:59.000000'),(361,82,103,50.000000000,0.000000000,0.000000000,1,'2021-08-10 00:00:00.000000',_binary '\0','2021-08-23 06:00:59.000000'),(362,82,105,50.000000000,0.000000000,0.000000000,2,'2021-08-10 00:00:00.000000',_binary '\0','2021-08-23 06:01:00.000000'),(363,83,106,200.000000000,0.000000000,0.000000000,5,'2021-08-10 00:00:00.000000',_binary '\0','2021-08-23 06:01:00.000000'),(364,83,107,100.000000000,0.000000000,0.000000000,9,'2021-08-10 00:00:00.000000',_binary '','2021-08-23 06:01:00.000000'),(365,84,108,10.000000000,0.000000000,0.000000000,1,'2021-08-24 00:00:00.000000',_binary '\0','2021-08-23 06:01:00.000000'),(366,84,84,50.000000000,0.000000000,0.000000000,2,'2021-08-24 00:00:00.000000',_binary '','2021-08-23 06:01:00.000000'),(367,84,85,15.000000000,0.000000000,0.000000000,3,'2021-08-24 00:00:00.000000',_binary '','2021-08-23 06:01:00.000000'),(368,85,109,30.000000000,0.000000000,0.000000000,1,'2021-08-16 00:00:00.000000',_binary '','2021-08-23 06:01:00.000000'),(369,85,87,30.000000000,0.000000000,0.000000000,3,'2021-08-16 00:00:00.000000',_binary '','2021-08-23 06:01:00.000000'),(370,85,86,40.000000000,0.000000000,0.000000000,4,'2021-08-16 00:00:00.000000',_binary '','2021-08-23 06:01:00.000000'),(371,86,110,50.000000000,0.000000000,0.000000000,1,'2021-08-09 00:00:00.000000',_binary '','2021-08-23 06:01:00.000000'),(372,87,51,1.000000000,0.000000000,0.000000000,1,'2021-08-27 00:00:00.000000',_binary '\0','2021-08-23 06:01:00.000000'),(373,87,52,1.000000000,0.000000000,0.000000000,2,'2021-08-27 00:00:00.000000',_binary '\0','2021-08-23 06:01:00.000000'),(374,87,112,1.000000000,0.000000000,0.000000000,3,'2021-08-27 00:00:00.000000',_binary '','2021-08-23 06:01:00.000000'),(375,87,113,1.000000000,0.000000000,0.000000000,3,'2021-08-27 00:00:00.000000',_binary '','2021-08-23 06:01:00.000000'),(376,87,30,1.000000000,0.000000000,0.000000000,4,'2021-08-27 00:00:00.000000',_binary '','2021-08-23 06:01:00.000000'),(377,87,31,1.000000000,0.000000000,0.000000000,4,'2021-08-27 00:00:00.000000',_binary '','2021-08-23 06:01:00.000000'),(378,87,44,1.000000000,0.000000000,0.000000000,4,'2021-08-27 00:00:00.000000',_binary '','2021-08-23 06:01:00.000000'),(379,87,77,2.000000000,0.000000000,0.000000000,5,'2021-08-27 00:00:00.000000',_binary '','2021-08-23 06:01:00.000000'),(380,87,78,2.000000000,0.000000000,0.000000000,5,'2021-08-27 00:00:00.000000',_binary '','2021-08-23 06:01:00.000000'),(381,87,48,1.000000000,0.000000000,0.000000000,6,'2021-08-27 00:00:00.000000',_binary '','2021-08-23 06:01:00.000000'),(382,87,50,1.000000000,0.000000000,0.000000000,6,'2021-08-27 00:00:00.000000',_binary '\0','2021-08-23 06:01:00.000000'),(383,87,30,1.000000000,0.000000000,0.000000000,7,'2021-08-27 00:00:00.000000',_binary '','2021-08-23 06:01:00.000000'),(384,87,42,1.000000000,0.000000000,0.000000000,7,'2021-08-27 00:00:00.000000',_binary '','2021-08-23 06:01:00.000000'),(385,87,32,1.000000000,0.000000000,0.000000000,7,'2021-08-27 00:00:00.000000',_binary '','2021-08-23 06:01:00.000000'),(386,88,112,1.000000000,0.000000000,0.000000000,1,'2021-08-26 00:00:00.000000',_binary '','2021-08-23 06:01:00.000000'),(387,88,113,1.000000000,0.000000000,0.000000000,1,'2021-08-26 00:00:00.000000',_binary '','2021-08-23 06:01:00.000000'),(388,88,48,1.000000000,0.000000000,0.000000000,2,'2021-08-26 00:00:00.000000',_binary '','2021-08-23 06:01:00.000000'),(389,88,48,3.000000000,0.000000000,0.000000000,3,'2021-08-26 00:00:00.000000',_binary '','2021-08-23 06:01:01.000000'),(390,88,50,3.000000000,0.000000000,0.000000000,3,'2021-08-26 00:00:00.000000',_binary '\0','2021-08-23 06:01:01.000000'),(391,88,30,1.000000000,0.000000000,0.000000000,4,'2021-08-26 00:00:00.000000',_binary '','2021-08-23 06:01:01.000000'),(392,88,42,1.000000000,0.000000000,0.000000000,4,'2021-08-26 00:00:00.000000',_binary '','2021-08-23 06:01:01.000000'),(393,88,32,1.000000000,0.000000000,0.000000000,4,'2021-08-26 00:00:00.000000',_binary '','2021-08-23 06:01:01.000000'),(394,88,77,1.000000000,0.000000000,0.000000000,5,'2021-08-26 00:00:00.000000',_binary '','2021-08-23 06:01:01.000000'),(395,88,78,1.000000000,0.000000000,0.000000000,5,'2021-08-26 00:00:00.000000',_binary '','2021-08-23 06:01:01.000000'),(396,89,51,1.000000000,0.000000000,0.000000000,1,'2021-08-25 00:00:00.000000',_binary '\0','2021-08-23 06:01:01.000000'),(397,89,52,1.000000000,0.000000000,0.000000000,2,'2021-08-25 00:00:00.000000',_binary '\0','2021-08-23 06:01:01.000000'),(398,89,112,1.000000000,0.000000000,0.000000000,4,'2021-08-25 00:00:00.000000',_binary '','2021-08-23 06:01:01.000000'),(399,89,113,1.000000000,0.000000000,0.000000000,4,'2021-08-25 00:00:00.000000',_binary '','2021-08-23 06:01:01.000000'),(400,89,30,1.000000000,0.000000000,0.000000000,5,'2021-08-25 00:00:00.000000',_binary '','2021-08-23 06:01:01.000000'),(401,89,31,1.000000000,0.000000000,0.000000000,5,'2021-08-25 00:00:00.000000',_binary '','2021-08-23 06:01:01.000000'),(402,89,44,1.000000000,0.000000000,0.000000000,5,'2021-08-25 00:00:00.000000',_binary '','2021-08-23 06:01:01.000000'),(403,89,77,2.000000000,0.000000000,0.000000000,6,'2021-08-25 00:00:00.000000',_binary '','2021-08-23 06:01:01.000000'),(404,89,78,2.000000000,0.000000000,0.000000000,6,'2021-08-25 00:00:00.000000',_binary '','2021-08-23 06:01:01.000000'),(405,89,30,1.000000000,0.000000000,0.000000000,7,'2021-08-25 00:00:00.000000',_binary '','2021-08-23 06:01:02.000000'),(406,89,42,1.000000000,0.000000000,0.000000000,7,'2021-08-25 00:00:00.000000',_binary '','2021-08-23 06:01:02.000000'),(407,89,48,1.000000000,0.000000000,0.000000000,8,'2021-08-25 00:00:00.000000',_binary '','2021-08-23 06:01:02.000000'),(408,89,48,1.000000000,0.000000000,0.000000000,9,'2021-08-25 00:00:00.000000',_binary '','2021-08-23 06:01:02.000000'),(409,89,50,1.000000000,0.000000000,0.000000000,9,'2021-08-25 00:00:00.000000',_binary '\0','2021-08-23 06:01:02.000000'),(410,90,112,1.000000000,0.000000000,0.000000000,1,'2021-08-24 00:00:00.000000',_binary '','2021-08-23 06:01:02.000000'),(411,90,113,1.000000000,0.000000000,0.000000000,1,'2021-08-24 00:00:00.000000',_binary '','2021-08-23 06:01:02.000000'),(412,90,30,1.000000000,0.000000000,0.000000000,2,'2021-08-24 00:00:00.000000',_binary '','2021-08-23 06:01:02.000000'),(413,90,31,1.000000000,0.000000000,0.000000000,2,'2021-08-24 00:00:00.000000',_binary '','2021-08-23 06:01:02.000000'),(414,90,32,1.000000000,0.000000000,0.000000000,2,'2021-08-24 00:00:00.000000',_binary '','2021-08-23 06:01:02.000000'),(415,90,77,2.000000000,0.000000000,0.000000000,3,'2021-08-24 00:00:00.000000',_binary '','2021-08-23 06:01:02.000000'),(416,90,78,2.000000000,0.000000000,0.000000000,3,'2021-08-24 00:00:00.000000',_binary '','2021-08-23 06:01:02.000000'),(417,90,30,1.000000000,0.000000000,0.000000000,4,'2021-08-24 00:00:00.000000',_binary '','2021-08-23 06:01:03.000000'),(418,90,42,1.000000000,0.000000000,0.000000000,4,'2021-08-24 00:00:00.000000',_binary '','2021-08-23 06:01:03.000000'),(419,90,48,1.000000000,0.000000000,0.000000000,6,'2021-08-24 00:00:00.000000',_binary '','2021-08-23 06:01:03.000000'),(420,90,50,1.000000000,0.000000000,0.000000000,6,'2021-08-24 00:00:00.000000',_binary '\0','2021-08-23 06:01:03.000000'),(421,90,48,1.000000000,0.000000000,0.000000000,7,'2021-08-24 00:00:00.000000',_binary '','2021-08-23 06:01:03.000000'),(422,91,51,1.000000000,0.000000000,0.000000000,1,'2021-08-23 00:00:00.000000',_binary '\0','2021-08-23 06:01:03.000000'),(423,91,52,1.000000000,0.000000000,0.000000000,2,'2021-08-23 00:00:00.000000',_binary '\0','2021-08-23 06:01:03.000000'),(424,91,112,3.000000000,0.000000000,0.000000000,3,'2021-08-23 00:00:00.000000',_binary '','2021-08-23 06:01:03.000000'),(425,91,113,3.000000000,0.000000000,0.000000000,3,'2021-08-23 00:00:00.000000',_binary '','2021-08-23 06:01:04.000000'),(426,91,30,1.000000000,0.000000000,0.000000000,4,'2021-08-23 00:00:00.000000',_binary '','2021-08-23 06:01:04.000000'),(427,91,31,1.000000000,0.000000000,0.000000000,4,'2021-08-23 00:00:00.000000',_binary '','2021-08-23 06:01:04.000000'),(428,91,77,2.000000000,0.000000000,0.000000000,5,'2021-08-23 00:00:00.000000',_binary '','2021-08-23 06:01:04.000000'),(429,91,78,2.000000000,0.000000000,0.000000000,5,'2021-08-23 00:00:00.000000',_binary '','2021-08-23 06:01:04.000000'),(430,91,30,1.000000000,0.000000000,0.000000000,6,'2021-08-23 00:00:00.000000',_binary '','2021-08-23 06:01:04.000000'),(431,91,42,1.000000000,0.000000000,0.000000000,6,'2021-08-23 00:00:00.000000',_binary '','2021-08-23 06:01:04.000000'),(432,91,48,1.000000000,0.000000000,0.000000000,7,'2021-08-23 00:00:00.000000',_binary '','2021-08-23 06:01:04.000000'),(433,91,50,1.000000000,0.000000000,0.000000000,7,'2021-08-23 00:00:00.000000',_binary '\0','2021-08-23 06:01:04.000000'),(434,92,115,100.000000000,0.000000000,0.000000000,1,'2021-08-16 00:00:00.000000',_binary '','2021-08-23 06:01:05.000000'),(435,93,116,140.000000000,0.000000000,0.000000000,1,'2021-08-23 00:00:00.000000',_binary '','2021-08-23 06:01:05.000000'),(436,94,116,140.000000000,0.000000000,0.000000000,1,'2021-08-30 00:00:00.000000',_binary '','2021-08-23 06:01:05.000000'),(437,95,116,140.000000000,0.000000000,0.000000000,1,'2021-09-06 00:00:00.000000',_binary '\0','2021-08-23 06:01:05.000000'),(438,96,116,140.000000000,0.000000000,0.000000000,1,'2021-09-13 00:00:00.000000',_binary '\0','2021-08-23 06:01:05.000000'),(439,97,116,140.000000000,0.000000000,0.000000000,1,'2021-09-20 00:00:00.000000',_binary '\0','2021-08-23 06:01:05.000000'),(440,98,116,140.000000000,0.000000000,0.000000000,1,'2021-09-27 00:00:00.000000',_binary '\0','2021-08-23 06:01:05.000000'),(441,99,116,140.000000000,0.000000000,0.000000000,1,'2021-10-04 00:00:00.000000',_binary '\0','2021-08-23 06:01:05.000000'),(442,100,34,20.000000000,0.000000000,0.000000000,1,'2021-08-16 00:00:00.000000',_binary '\0','2021-08-23 06:01:05.000000'),(443,100,35,20.000000000,0.000000000,0.000000000,1,'2021-08-16 00:00:00.000000',_binary '\0','2021-08-23 06:01:05.000000'),(444,101,118,50.000000000,0.000000000,0.000000000,1,'2021-08-20 00:00:00.000000',_binary '\0','2021-08-23 06:01:05.000000'),(445,101,119,50.000000000,0.000000000,0.000000000,2,'2021-08-20 00:00:00.000000',_binary '','2021-08-23 06:01:06.000000'),(446,102,105,6.000000000,0.000000000,0.000000000,1,'2021-08-16 00:00:00.000000',_binary '\0','2021-08-23 06:01:06.000000'),(447,103,120,1.000000000,0.000000000,0.000000000,1,'2021-08-12 00:00:00.000000',_binary '','2021-08-23 06:01:06.000000'),(448,103,121,1.000000000,0.000000000,0.000000000,2,'2021-08-12 00:00:00.000000',_binary '','2021-08-23 06:01:06.000000'),(449,104,122,10.000000000,0.000000000,0.000000000,1,'2021-08-12 00:00:00.000000',_binary '','2021-08-23 06:01:06.000000'),(450,104,123,10.000000000,0.000000000,0.000000000,3,'2021-08-12 00:00:00.000000',_binary '\0','2021-08-23 06:01:06.000000'),(451,104,124,40.000000000,0.000000000,0.000000000,4,'2021-08-12 00:00:00.000000',_binary '','2021-08-23 06:01:06.000000'),(452,104,126,40.000000000,0.000000000,0.000000000,5,'2021-08-12 00:00:00.000000',_binary '\0','2021-08-23 06:01:06.000000'),(453,104,127,40.000000000,0.000000000,0.000000000,5,'2021-08-12 00:00:00.000000',_binary '\0','2021-08-23 06:01:06.000000'),(454,105,87,25.000000000,0.000000000,0.000000000,1,'2021-08-23 00:00:00.000000',_binary '\0','2021-08-23 06:01:06.000000'),(455,105,86,21.000000000,0.000000000,0.000000000,2,'2021-08-23 00:00:00.000000',_binary '','2021-08-23 06:01:06.000000'),(456,105,109,10.000000000,0.000000000,0.000000000,4,'2021-08-23 00:00:00.000000',_binary '','2021-08-23 06:01:06.000000'),(457,105,110,15.000000000,0.000000000,0.000000000,5,'2021-08-23 00:00:00.000000',_binary '','2021-08-23 06:01:06.000000'),(458,106,108,10.000000000,0.000000000,0.000000000,1,'2021-08-31 00:00:00.000000',_binary '\0','2021-08-23 06:01:07.000000'),(459,106,84,60.000000000,0.000000000,0.000000000,2,'2021-08-31 00:00:00.000000',_binary '','2021-08-23 06:01:07.000000'),(460,106,85,8.000000000,0.000000000,0.000000000,3,'2021-08-31 00:00:00.000000',_binary '\0','2021-08-23 06:01:07.000000'),(461,107,116,100.000000000,0.000000000,0.000000000,1,'2021-08-16 00:00:00.000000',_binary '','2021-08-23 06:01:07.000000'),(462,108,116,100.000000000,0.000000000,0.000000000,1,'2021-08-23 00:00:00.000000',_binary '','2021-08-23 06:01:07.000000'),(463,109,116,100.000000000,0.000000000,0.000000000,1,'2021-08-30 00:00:00.000000',_binary '','2021-08-23 06:01:07.000000'),(464,110,116,100.000000000,0.000000000,0.000000000,1,'2021-09-06 00:00:00.000000',_binary '\0','2021-08-23 06:01:07.000000'),(465,111,116,100.000000000,0.000000000,0.000000000,1,'2021-09-13 00:00:00.000000',_binary '\0','2021-08-23 06:01:07.000000'),(466,112,128,15.000000000,0.000000000,0.000000000,1,'2021-08-17 00:00:00.000000',_binary '','2021-08-23 06:01:07.000000'),(467,112,124,60.000000000,0.000000000,0.000000000,2,'2021-08-17 00:00:00.000000',_binary '','2021-08-23 06:01:07.000000'),(468,112,126,60.000000000,0.000000000,0.000000000,3,'2021-08-17 00:00:00.000000',_binary '','2021-08-23 06:01:07.000000'),(469,112,127,60.000000000,0.000000000,0.000000000,3,'2021-08-17 00:00:00.000000',_binary '','2021-08-23 06:01:07.000000'),(470,112,129,10.000000000,0.000000000,0.000000000,4,'2021-08-17 00:00:00.000000',_binary '\0','2021-08-23 06:01:07.000000'),(471,112,122,10.000000000,0.000000000,0.000000000,5,'2021-08-17 00:00:00.000000',_binary '','2021-08-23 06:01:07.000000'),(472,113,112,2.000000000,0.000000000,0.000000000,1,'2021-09-03 00:00:00.000000',_binary '','2021-08-23 06:01:07.000000'),(473,113,113,2.000000000,0.000000000,0.000000000,1,'2021-09-03 00:00:00.000000',_binary '','2021-08-23 06:01:07.000000'),(474,113,48,2.000000000,0.000000000,0.000000000,2,'2021-09-03 00:00:00.000000',_binary '','2021-08-23 06:01:07.000000'),(475,113,50,2.000000000,0.000000000,0.000000000,2,'2021-09-03 00:00:00.000000',_binary '\0','2021-08-23 06:01:07.000000'),(476,113,30,1.000000000,0.000000000,0.000000000,3,'2021-09-03 00:00:00.000000',_binary '','2021-08-23 06:01:07.000000'),(477,113,31,1.000000000,0.000000000,0.000000000,3,'2021-09-03 00:00:00.000000',_binary '','2021-08-23 06:01:07.000000'),(478,113,32,1.000000000,0.000000000,0.000000000,3,'2021-09-03 00:00:00.000000',_binary '','2021-08-23 06:01:08.000000'),(479,113,77,2.000000000,0.000000000,0.000000000,4,'2021-09-03 00:00:00.000000',_binary '','2021-08-23 06:01:08.000000'),(480,113,78,2.000000000,0.000000000,0.000000000,4,'2021-09-03 00:00:00.000000',_binary '','2021-08-23 06:01:08.000000'),(481,113,48,1.000000000,0.000000000,0.000000000,5,'2021-09-03 00:00:00.000000',_binary '','2021-08-23 06:01:08.000000'),(482,113,30,1.000000000,0.000000000,0.000000000,6,'2021-09-03 00:00:00.000000',_binary '','2021-08-23 06:01:08.000000'),(483,113,42,1.000000000,0.000000000,0.000000000,6,'2021-09-03 00:00:00.000000',_binary '','2021-08-23 06:01:08.000000'),(484,114,51,1.000000000,0.000000000,0.000000000,1,'2021-09-02 00:00:00.000000',_binary '\0','2021-08-23 06:01:08.000000'),(485,114,52,1.000000000,0.000000000,0.000000000,2,'2021-09-02 00:00:00.000000',_binary '\0','2021-08-23 06:01:08.000000'),(486,114,131,1.000000000,0.000000000,0.000000000,3,'2021-09-02 00:00:00.000000',_binary '','2021-08-23 06:01:08.000000'),(487,114,132,1.000000000,0.000000000,0.000000000,3,'2021-09-02 00:00:00.000000',_binary '','2021-08-23 06:01:08.000000'),(488,114,30,1.000000000,0.000000000,0.000000000,4,'2021-09-02 00:00:00.000000',_binary '','2021-08-23 06:01:08.000000'),(489,114,31,1.000000000,0.000000000,0.000000000,4,'2021-09-02 00:00:00.000000',_binary '','2021-08-23 06:01:08.000000'),(490,114,44,1.000000000,0.000000000,0.000000000,4,'2021-09-02 00:00:00.000000',_binary '','2021-08-23 06:01:08.000000'),(491,114,77,2.000000000,0.000000000,0.000000000,5,'2021-09-02 00:00:00.000000',_binary '','2021-08-23 06:01:09.000000'),(492,114,78,2.000000000,0.000000000,0.000000000,5,'2021-09-02 00:00:00.000000',_binary '','2021-08-23 06:01:09.000000'),(493,114,48,1.000000000,0.000000000,0.000000000,6,'2021-09-02 00:00:00.000000',_binary '','2021-08-23 06:01:09.000000'),(494,114,30,1.000000000,0.000000000,0.000000000,7,'2021-09-02 00:00:00.000000',_binary '','2021-08-23 06:01:09.000000'),(495,114,42,1.000000000,0.000000000,0.000000000,7,'2021-09-02 00:00:00.000000',_binary '','2021-08-23 06:01:09.000000'),(496,114,32,1.000000000,0.000000000,0.000000000,7,'2021-09-02 00:00:00.000000',_binary '','2021-08-23 06:01:09.000000'),(497,114,48,1.000000000,0.000000000,0.000000000,8,'2021-09-02 00:00:00.000000',_binary '','2021-08-23 06:01:09.000000'),(498,114,50,1.000000000,0.000000000,0.000000000,8,'2021-09-02 00:00:00.000000',_binary '\0','2021-08-23 06:01:09.000000'),(499,114,112,1.000000000,0.000000000,0.000000000,9,'2021-09-02 00:00:00.000000',_binary '','2021-08-23 06:01:09.000000'),(500,114,113,1.000000000,0.000000000,0.000000000,9,'2021-09-02 00:00:00.000000',_binary '','2021-08-23 06:01:09.000000'),(501,115,112,2.000000000,0.000000000,0.000000000,1,'2021-09-01 00:00:00.000000',_binary '','2021-08-23 06:01:09.000000'),(502,115,113,2.000000000,0.000000000,0.000000000,1,'2021-09-01 00:00:00.000000',_binary '','2021-08-23 06:01:09.000000'),(503,115,48,1.000000000,0.000000000,0.000000000,2,'2021-09-01 00:00:00.000000',_binary '','2021-08-23 06:01:09.000000'),(504,115,48,1.000000000,0.000000000,0.000000000,3,'2021-09-01 00:00:00.000000',_binary '','2021-08-23 06:01:10.000000'),(505,115,48,1.000000000,0.000000000,0.000000000,4,'2021-09-01 00:00:00.000000',_binary '','2021-08-23 06:01:10.000000'),(506,115,50,1.000000000,0.000000000,0.000000000,4,'2021-09-01 00:00:00.000000',_binary '\0','2021-08-23 06:01:10.000000'),(507,115,30,1.000000000,0.000000000,0.000000000,5,'2021-09-01 00:00:00.000000',_binary '','2021-08-23 06:01:10.000000'),(508,115,31,1.000000000,0.000000000,0.000000000,5,'2021-09-01 00:00:00.000000',_binary '','2021-08-23 06:01:10.000000'),(509,115,32,1.000000000,0.000000000,0.000000000,5,'2021-09-01 00:00:00.000000',_binary '','2021-08-23 06:01:10.000000'),(510,115,77,1.000000000,0.000000000,0.000000000,6,'2021-09-01 00:00:00.000000',_binary '','2021-08-23 06:01:10.000000'),(511,115,78,1.000000000,0.000000000,0.000000000,6,'2021-09-01 00:00:00.000000',_binary '','2021-08-23 06:01:10.000000'),(512,116,51,1.000000000,0.000000000,0.000000000,1,'2021-08-31 00:00:00.000000',_binary '\0','2021-08-23 06:01:10.000000'),(513,116,52,1.000000000,0.000000000,0.000000000,2,'2021-08-31 00:00:00.000000',_binary '\0','2021-08-23 06:01:10.000000'),(514,116,48,1.000000000,0.000000000,0.000000000,3,'2021-08-31 00:00:00.000000',_binary '','2021-08-23 06:01:10.000000'),(515,116,50,1.000000000,0.000000000,0.000000000,3,'2021-08-31 00:00:00.000000',_binary '\0','2021-08-23 06:01:10.000000'),(516,116,48,1.000000000,0.000000000,0.000000000,4,'2021-08-31 00:00:00.000000',_binary '','2021-08-23 06:01:10.000000'),(517,116,30,1.000000000,0.000000000,0.000000000,5,'2021-08-31 00:00:00.000000',_binary '','2021-08-23 06:01:10.000000'),(518,116,31,1.000000000,0.000000000,0.000000000,5,'2021-08-31 00:00:00.000000',_binary '','2021-08-23 06:01:10.000000'),(519,116,32,1.000000000,0.000000000,0.000000000,5,'2021-08-31 00:00:00.000000',_binary '','2021-08-23 06:01:10.000000'),(520,116,77,2.000000000,0.000000000,0.000000000,6,'2021-08-31 00:00:00.000000',_binary '','2021-08-23 06:01:11.000000'),(521,116,78,2.000000000,0.000000000,0.000000000,6,'2021-08-31 00:00:00.000000',_binary '','2021-08-23 06:01:11.000000'),(522,116,30,1.000000000,0.000000000,0.000000000,7,'2021-08-31 00:00:00.000000',_binary '','2021-08-23 06:01:11.000000'),(523,116,42,1.000000000,0.000000000,0.000000000,7,'2021-08-31 00:00:00.000000',_binary '','2021-08-23 06:01:11.000000'),(524,116,112,1.000000000,0.000000000,0.000000000,8,'2021-08-31 00:00:00.000000',_binary '','2021-08-23 06:01:11.000000'),(525,116,113,1.000000000,0.000000000,0.000000000,8,'2021-08-31 00:00:00.000000',_binary '','2021-08-23 06:01:11.000000'),(526,117,112,1.000000000,0.000000000,0.000000000,1,'2021-08-30 00:00:00.000000',_binary '','2021-08-23 06:01:11.000000'),(527,117,113,1.000000000,0.000000000,0.000000000,1,'2021-08-30 00:00:00.000000',_binary '','2021-08-23 06:01:11.000000'),(528,117,48,2.000000000,0.000000000,0.000000000,2,'2021-08-30 00:00:00.000000',_binary '','2021-08-23 06:01:11.000000'),(529,117,50,2.000000000,0.000000000,0.000000000,2,'2021-08-30 00:00:00.000000',_binary '\0','2021-08-23 06:01:11.000000'),(530,117,30,1.000000000,0.000000000,0.000000000,3,'2021-08-30 00:00:00.000000',_binary '','2021-08-23 06:01:12.000000'),(531,117,31,1.000000000,0.000000000,0.000000000,3,'2021-08-30 00:00:00.000000',_binary '','2021-08-23 06:01:12.000000'),(532,117,32,1.000000000,0.000000000,0.000000000,3,'2021-08-30 00:00:00.000000',_binary '','2021-08-23 06:01:12.000000'),(533,117,77,2.000000000,0.000000000,0.000000000,4,'2021-08-30 00:00:00.000000',_binary '','2021-08-23 06:01:12.000000'),(534,117,78,2.000000000,0.000000000,0.000000000,4,'2021-08-30 00:00:00.000000',_binary '','2021-08-23 06:01:12.000000'),(535,117,30,1.000000000,0.000000000,0.000000000,5,'2021-08-30 00:00:00.000000',_binary '','2021-08-23 06:01:12.000000'),(536,117,42,1.000000000,0.000000000,0.000000000,5,'2021-08-30 00:00:00.000000',_binary '','2021-08-23 06:01:12.000000'),(537,117,32,1.000000000,0.000000000,0.000000000,5,'2021-08-30 00:00:00.000000',_binary '','2021-08-23 06:01:12.000000'),(538,117,131,1.000000000,0.000000000,0.000000000,6,'2021-08-30 00:00:00.000000',_binary '','2021-08-23 06:01:12.000000'),(539,117,132,1.000000000,0.000000000,0.000000000,6,'2021-08-30 00:00:00.000000',_binary '','2021-08-23 06:01:12.000000'),(540,118,124,30.000000000,0.000000000,0.000000000,1,'2021-08-27 00:00:00.000000',_binary '','2021-08-23 06:01:12.000000'),(541,118,126,30.000000000,0.000000000,0.000000000,2,'2021-08-27 00:00:00.000000',_binary '','2021-08-23 06:01:12.000000'),(542,118,127,30.000000000,0.000000000,0.000000000,2,'2021-08-27 00:00:00.000000',_binary '','2021-08-23 06:01:12.000000'),(543,118,122,10.000000000,0.000000000,0.000000000,3,'2021-08-27 00:00:00.000000',_binary '','2021-08-23 06:01:12.000000'),(544,118,129,10.000000000,0.000000000,0.000000000,4,'2021-08-27 00:00:00.000000',_binary '\0','2021-08-23 06:01:12.000000'),(545,119,134,1.000000000,0.000000000,0.000000000,1,'2021-08-27 00:00:00.000000',_binary '\0','2021-08-23 06:01:12.000000'),(546,120,135,20.000000000,0.000000000,0.000000000,3,'2021-08-20 00:00:00.000000',_binary '','2021-08-23 06:01:12.000000'),(547,121,74,4.000000000,0.000000000,0.000000000,2,'2021-09-01 00:00:00.000000',_binary '','2021-08-23 06:01:12.000000'),(548,122,136,100.000000000,0.000000000,0.000000000,1,'2021-08-26 00:00:00.000000',_binary '\0','2021-08-23 06:01:12.000000'),(549,122,71,100.000000000,0.000000000,0.000000000,2,'2021-08-26 00:00:00.000000',_binary '\0','2021-08-23 06:01:12.000000'),(550,122,72,100.000000000,0.000000000,0.000000000,3,'2021-08-26 00:00:00.000000',_binary '\0','2021-08-23 06:01:13.000000'),(551,122,73,70.000000000,0.000000000,0.000000000,4,'2021-08-26 00:00:00.000000',_binary '','2021-08-23 06:01:13.000000'),(552,122,137,170.000000000,0.000000000,0.000000000,5,'2021-08-26 00:00:00.000000',_binary '\0','2021-08-23 06:01:13.000000'),(553,122,119,20.000000000,0.000000000,0.000000000,6,'2021-08-26 00:00:00.000000',_binary '','2021-08-23 06:01:13.000000'),(554,123,136,100.000000000,0.000000000,0.000000000,1,'2021-09-02 00:00:00.000000',_binary '\0','2021-08-23 06:01:13.000000'),(555,123,71,80.000000000,0.000000000,0.000000000,2,'2021-09-02 00:00:00.000000',_binary '\0','2021-08-23 06:01:13.000000'),(556,123,70,50.000000000,0.000000000,0.000000000,3,'2021-09-02 00:00:00.000000',_binary '\0','2021-08-23 06:01:13.000000'),(557,123,72,100.000000000,0.000000000,0.000000000,4,'2021-09-02 00:00:00.000000',_binary '\0','2021-08-23 06:01:13.000000'),(558,123,73,70.000000000,0.000000000,0.000000000,5,'2021-09-02 00:00:00.000000',_binary '','2021-08-23 06:01:13.000000'),(559,123,137,170.000000000,0.000000000,0.000000000,6,'2021-09-02 00:00:00.000000',_binary '\0','2021-08-23 06:01:13.000000'),(560,124,136,100.000000000,0.000000000,0.000000000,1,'2021-09-09 00:00:00.000000',_binary '\0','2021-08-23 06:01:13.000000'),(561,124,71,80.000000000,0.000000000,0.000000000,2,'2021-09-09 00:00:00.000000',_binary '\0','2021-08-23 06:01:13.000000'),(562,124,70,50.000000000,0.000000000,0.000000000,3,'2021-09-09 00:00:00.000000',_binary '\0','2021-08-23 06:01:13.000000'),(563,124,72,100.000000000,0.000000000,0.000000000,4,'2021-09-09 00:00:00.000000',_binary '\0','2021-08-23 06:01:13.000000'),(564,124,73,70.000000000,0.000000000,0.000000000,5,'2021-09-09 00:00:00.000000',_binary '','2021-08-23 06:01:13.000000'),(565,124,137,170.000000000,0.000000000,0.000000000,6,'2021-09-09 00:00:00.000000',_binary '\0','2021-08-23 06:01:13.000000'),(566,124,119,20.000000000,0.000000000,0.000000000,7,'2021-09-09 00:00:00.000000',_binary '','2021-08-23 06:01:13.000000'),(567,125,138,2.000000000,0.000000000,0.000000000,1,'2021-09-09 00:00:00.000000',_binary '\0','2021-08-23 06:01:13.000000'),(568,125,74,8.000000000,0.000000000,0.000000000,2,'2021-09-09 00:00:00.000000',_binary '','2021-08-23 06:01:13.000000'),(569,126,108,6.000000000,0.000000000,0.000000000,1,'2021-09-07 00:00:00.000000',_binary '\0','2021-08-23 06:01:13.000000'),(570,126,84,50.000000000,0.000000000,0.000000000,2,'2021-09-07 00:00:00.000000',_binary '\0','2021-08-23 06:01:13.000000'),(571,126,85,12.000000000,0.000000000,0.000000000,3,'2021-09-07 00:00:00.000000',_binary '\0','2021-08-23 06:01:13.000000'),(572,127,139,10.000000000,0.000000000,0.000000000,1,'2021-08-13 00:00:00.000000',_binary '','2021-08-23 06:01:13.000000'),(573,128,110,50.000000000,0.000000000,0.000000000,1,'2021-08-30 00:00:00.000000',_binary '\0','2021-08-23 06:01:13.000000'),(574,128,87,30.000000000,0.000000000,0.000000000,3,'2021-08-30 00:00:00.000000',_binary '\0','2021-08-23 06:01:14.000000'),(575,128,86,10.000000000,0.000000000,0.000000000,4,'2021-08-30 00:00:00.000000',_binary '\0','2021-08-23 06:01:14.000000'),(576,129,131,1.000000000,0.000000000,0.000000000,1,'2021-09-10 00:00:00.000000',_binary '\0','2021-08-23 06:01:14.000000'),(577,129,132,1.000000000,0.000000000,0.000000000,1,'2021-09-10 00:00:00.000000',_binary '\0','2021-08-23 06:01:14.000000'),(578,129,30,1.000000000,0.000000000,0.000000000,2,'2021-09-10 00:00:00.000000',_binary '\0','2021-08-23 06:01:14.000000'),(579,129,31,1.000000000,0.000000000,0.000000000,2,'2021-09-10 00:00:00.000000',_binary '\0','2021-08-23 06:01:14.000000'),(580,129,32,1.000000000,0.000000000,0.000000000,2,'2021-09-10 00:00:00.000000',_binary '\0','2021-08-23 06:01:14.000000'),(581,129,77,2.000000000,0.000000000,0.000000000,3,'2021-09-10 00:00:00.000000',_binary '\0','2021-08-23 06:01:14.000000'),(582,129,78,2.000000000,0.000000000,0.000000000,3,'2021-09-10 00:00:00.000000',_binary '\0','2021-08-23 06:01:14.000000'),(583,129,48,1.000000000,0.000000000,0.000000000,4,'2021-09-10 00:00:00.000000',_binary '','2021-08-23 06:01:14.000000'),(584,129,48,1.000000000,0.000000000,0.000000000,5,'2021-09-10 00:00:00.000000',_binary '','2021-08-23 06:01:14.000000'),(585,129,50,1.000000000,0.000000000,0.000000000,5,'2021-09-10 00:00:00.000000',_binary '\0','2021-08-23 06:01:14.000000'),(586,129,30,1.000000000,0.000000000,0.000000000,6,'2021-09-10 00:00:00.000000',_binary '\0','2021-08-23 06:01:14.000000'),(587,129,42,1.000000000,0.000000000,0.000000000,6,'2021-09-10 00:00:00.000000',_binary '\0','2021-08-23 06:01:14.000000'),(588,129,32,1.000000000,0.000000000,0.000000000,6,'2021-09-10 00:00:00.000000',_binary '\0','2021-08-23 06:01:14.000000'),(589,130,51,1.000000000,0.000000000,0.000000000,1,'2021-09-09 00:00:00.000000',_binary '\0','2021-08-23 06:01:14.000000'),(590,130,52,1.000000000,0.000000000,0.000000000,2,'2021-09-09 00:00:00.000000',_binary '\0','2021-08-23 06:01:14.000000'),(591,130,131,1.000000000,0.000000000,0.000000000,3,'2021-09-09 00:00:00.000000',_binary '\0','2021-08-23 06:01:14.000000'),(592,130,132,1.000000000,0.000000000,0.000000000,3,'2021-09-09 00:00:00.000000',_binary '\0','2021-08-23 06:01:14.000000'),(593,130,112,1.000000000,0.000000000,0.000000000,4,'2021-09-09 00:00:00.000000',_binary '\0','2021-08-23 06:01:14.000000'),(594,130,113,1.000000000,0.000000000,0.000000000,4,'2021-09-09 00:00:00.000000',_binary '\0','2021-08-23 06:01:14.000000'),(595,130,48,1.000000000,0.000000000,0.000000000,5,'2021-09-09 00:00:00.000000',_binary '','2021-08-23 06:01:15.000000'),(596,130,48,2.000000000,0.000000000,0.000000000,6,'2021-09-09 00:00:00.000000',_binary '','2021-08-23 06:01:15.000000'),(597,130,50,2.000000000,0.000000000,0.000000000,6,'2021-09-09 00:00:00.000000',_binary '\0','2021-08-23 06:01:15.000000'),(598,130,48,1.000000000,0.000000000,0.000000000,7,'2021-09-09 00:00:00.000000',_binary '','2021-08-23 06:01:15.000000'),(599,130,30,1.000000000,0.000000000,0.000000000,8,'2021-09-09 00:00:00.000000',_binary '','2021-08-23 06:01:15.000000'),(600,130,42,1.000000000,0.000000000,0.000000000,8,'2021-09-09 00:00:00.000000',_binary '','2021-08-23 06:01:15.000000'),(601,130,77,1.000000000,0.000000000,0.000000000,9,'2021-09-09 00:00:00.000000',_binary '\0','2021-08-23 06:01:15.000000'),(602,130,78,1.000000000,0.000000000,0.000000000,9,'2021-09-09 00:00:00.000000',_binary '\0','2021-08-23 06:01:15.000000'),(603,131,115,200.000000000,0.000000000,0.000000000,1,'2021-08-25 00:00:00.000000',_binary '\0','2021-08-23 06:01:15.000000'),(604,132,112,3.000000000,0.000000000,0.000000000,1,'2021-09-08 00:00:00.000000',_binary '\0','2021-08-23 06:01:15.000000'),(605,132,113,3.000000000,0.000000000,0.000000000,1,'2021-09-08 00:00:00.000000',_binary '\0','2021-08-23 06:01:15.000000'),(606,132,30,1.000000000,0.000000000,0.000000000,2,'2021-09-08 00:00:00.000000',_binary '','2021-08-23 06:01:15.000000'),(607,132,31,1.000000000,0.000000000,0.000000000,2,'2021-09-08 00:00:00.000000',_binary '','2021-08-23 06:01:15.000000'),(608,132,32,1.000000000,0.000000000,0.000000000,2,'2021-09-08 00:00:00.000000',_binary '','2021-08-23 06:01:15.000000'),(609,132,77,2.000000000,0.000000000,0.000000000,3,'2021-09-08 00:00:00.000000',_binary '\0','2021-08-23 06:01:15.000000'),(610,132,78,2.000000000,0.000000000,0.000000000,3,'2021-09-08 00:00:00.000000',_binary '\0','2021-08-23 06:01:15.000000'),(611,132,48,2.000000000,0.000000000,0.000000000,4,'2021-09-08 00:00:00.000000',_binary '','2021-08-23 06:01:15.000000'),(612,132,48,2.000000000,0.000000000,0.000000000,5,'2021-09-08 00:00:00.000000',_binary '','2021-08-23 06:01:16.000000'),(613,132,50,2.000000000,0.000000000,0.000000000,5,'2021-09-08 00:00:00.000000',_binary '\0','2021-08-23 06:01:16.000000'),(614,132,30,1.000000000,0.000000000,0.000000000,6,'2021-09-08 00:00:00.000000',_binary '','2021-08-23 06:01:16.000000'),(615,132,42,1.000000000,0.000000000,0.000000000,6,'2021-09-08 00:00:00.000000',_binary '','2021-08-23 06:01:16.000000'),(616,133,51,1.000000000,0.000000000,0.000000000,1,'2021-09-07 00:00:00.000000',_binary '\0','2021-08-23 06:01:16.000000'),(617,133,52,1.000000000,0.000000000,0.000000000,2,'2021-09-07 00:00:00.000000',_binary '\0','2021-08-23 06:01:16.000000'),(618,133,131,1.000000000,0.000000000,0.000000000,3,'2021-09-07 00:00:00.000000',_binary '\0','2021-08-23 06:01:16.000000'),(619,133,132,1.000000000,0.000000000,0.000000000,3,'2021-09-07 00:00:00.000000',_binary '\0','2021-08-23 06:01:16.000000'),(620,133,30,1.000000000,0.000000000,0.000000000,4,'2021-09-07 00:00:00.000000',_binary '\0','2021-08-23 06:01:16.000000'),(621,133,31,1.000000000,0.000000000,0.000000000,4,'2021-09-07 00:00:00.000000',_binary '\0','2021-08-23 06:01:16.000000'),(622,133,32,1.000000000,0.000000000,0.000000000,4,'2021-09-07 00:00:00.000000',_binary '\0','2021-08-23 06:01:16.000000'),(623,133,77,2.000000000,0.000000000,0.000000000,5,'2021-09-07 00:00:00.000000',_binary '\0','2021-08-23 06:01:16.000000'),(624,133,78,2.000000000,0.000000000,0.000000000,5,'2021-09-07 00:00:00.000000',_binary '\0','2021-08-23 06:01:16.000000'),(625,133,48,2.000000000,0.000000000,0.000000000,6,'2021-09-07 00:00:00.000000',_binary '','2021-08-23 06:01:16.000000'),(626,133,48,2.000000000,0.000000000,0.000000000,7,'2021-09-07 00:00:00.000000',_binary '','2021-08-23 06:01:16.000000'),(627,133,50,2.000000000,0.000000000,0.000000000,7,'2021-09-07 00:00:00.000000',_binary '\0','2021-08-23 06:01:16.000000'),(628,133,30,1.000000000,0.000000000,0.000000000,8,'2021-09-07 00:00:00.000000',_binary '\0','2021-08-23 06:01:16.000000'),(629,133,42,1.000000000,0.000000000,0.000000000,8,'2021-09-07 00:00:00.000000',_binary '\0','2021-08-23 06:01:16.000000'),(630,133,32,1.000000000,0.000000000,0.000000000,8,'2021-09-07 00:00:00.000000',_binary '\0','2021-08-23 06:01:16.000000'),(631,134,138,5.000000000,0.000000000,0.000000000,1,'2021-09-14 00:00:00.000000',_binary '\0','2021-08-23 06:01:16.000000'),(632,134,74,10.000000000,0.000000000,0.000000000,2,'2021-09-14 00:00:00.000000',_binary '\0','2021-08-23 06:01:16.000000'),(633,135,140,1.000000000,0.000000000,0.000000000,1,'2021-09-03 00:00:00.000000',_binary '\0','2021-08-23 06:01:16.000000'),(634,136,134,2.000000000,0.000000000,0.000000000,1,'2021-09-02 00:00:00.000000',_binary '\0','2021-08-23 06:01:16.000000'),(635,137,138,6.000000000,0.000000000,0.000000000,1,'2021-09-21 00:00:00.000000',_binary '\0','2021-08-23 06:01:16.000000'),(636,137,74,19.000000000,0.000000000,0.000000000,2,'2021-09-21 00:00:00.000000',_binary '\0','2021-08-23 06:01:16.000000'),(637,138,138,5.000000000,0.000000000,0.000000000,1,'2021-09-27 00:00:00.000000',_binary '\0','2021-08-23 06:01:16.000000'),(638,138,74,5.000000000,0.000000000,0.000000000,2,'2021-09-27 00:00:00.000000',_binary '\0','2021-08-23 06:01:17.000000'),(639,139,119,20.000000000,0.000000000,0.000000000,1,'2021-09-07 00:00:00.000000',_binary '','2021-08-23 06:01:17.000000'),(640,140,119,20.000000000,0.000000000,0.000000000,1,'2021-09-13 00:00:00.000000',_binary '','2021-08-23 06:01:17.000000'),(641,141,119,20.000000000,0.000000000,0.000000000,1,'2021-09-20 00:00:00.000000',_binary '','2021-08-23 06:01:17.000000'),(642,142,108,8.000000000,0.000000000,0.000000000,1,'2021-09-14 00:00:00.000000',_binary '\0','2021-08-23 06:01:17.000000'),(643,142,84,30.000000000,0.000000000,0.000000000,2,'2021-09-14 00:00:00.000000',_binary '\0','2021-08-23 06:01:17.000000'),(644,142,85,7.000000000,0.000000000,0.000000000,3,'2021-09-14 00:00:00.000000',_binary '\0','2021-08-23 06:01:17.000000'),(645,143,109,15.000000000,0.000000000,0.000000000,1,'2021-09-06 00:00:00.000000',_binary '\0','2021-08-23 06:01:17.000000'),(646,143,110,50.000000000,0.000000000,0.000000000,2,'2021-09-06 00:00:00.000000',_binary '\0','2021-08-23 06:01:17.000000'),(647,143,141,10.000000000,0.000000000,0.000000000,3,'2021-09-06 00:00:00.000000',_binary '\0','2021-08-23 06:01:17.000000'),(648,143,87,30.000000000,0.000000000,0.000000000,4,'2021-09-06 00:00:00.000000',_binary '\0','2021-08-23 06:01:17.000000'),(649,143,86,20.000000000,0.000000000,0.000000000,5,'2021-09-06 00:00:00.000000',_binary '\0','2021-08-23 06:01:17.000000'),(650,143,142,10.000000000,0.000000000,0.000000000,6,'2021-09-06 00:00:00.000000',_binary '\0','2021-08-23 06:01:17.000000'),(651,144,143,2.000000000,0.000000000,0.000000000,1,'2021-08-18 00:00:00.000000',_binary '\0','2021-08-23 06:01:18.000000'),(652,144,144,2.000000000,0.000000000,0.000000000,2,'2021-08-18 00:00:00.000000',_binary '\0','2021-08-23 06:01:18.000000'),(653,144,145,2.000000000,0.000000000,0.000000000,3,'2021-08-18 00:00:00.000000',_binary '','2021-08-23 06:01:18.000000'),(654,144,146,2.000000000,0.000000000,0.000000000,4,'2021-08-18 00:00:00.000000',_binary '','2021-08-23 06:01:18.000000'),(655,144,147,2.000000000,0.000000000,0.000000000,5,'2021-08-18 00:00:00.000000',_binary '','2021-08-23 06:01:18.000000'),(656,144,148,2.000000000,0.000000000,0.000000000,6,'2021-08-18 00:00:00.000000',_binary '','2021-08-23 06:01:18.000000'),(657,144,149,2.000000000,0.000000000,0.000000000,7,'2021-08-18 00:00:00.000000',_binary '','2021-08-23 06:01:19.000000'),(658,144,150,2.000000000,0.000000000,0.000000000,8,'2021-08-18 00:00:00.000000',_binary '','2021-08-23 06:01:19.000000'),(659,145,151,20.000000000,0.000000000,0.000000000,1,'2021-09-01 00:00:00.000000',_binary '\0','2021-08-23 06:01:19.000000'),(660,146,152,50.000000000,0.000000000,0.000000000,1,'2021-09-01 00:00:00.000000',_binary '\0','2021-08-23 06:01:19.000000'),(661,147,124,30.000000000,0.000000000,0.000000000,1,'2021-09-10 00:00:00.000000',_binary '\0','2021-08-23 06:01:19.000000'),(662,147,126,30.000000000,0.000000000,0.000000000,2,'2021-09-10 00:00:00.000000',_binary '\0','2021-08-23 06:01:20.000000'),(663,147,127,30.000000000,0.000000000,0.000000000,2,'2021-09-10 00:00:00.000000',_binary '\0','2021-08-23 06:01:20.000000'),(664,147,122,10.000000000,0.000000000,0.000000000,3,'2021-09-10 00:00:00.000000',_binary '\0','2021-08-23 06:01:20.000000'),(665,147,129,10.000000000,0.000000000,0.000000000,4,'2021-09-10 00:00:00.000000',_binary '\0','2021-08-23 06:01:20.000000'),(666,148,124,30.000000000,0.000000000,0.000000000,1,'2021-09-24 00:00:00.000000',_binary '\0','2021-08-23 06:01:20.000000'),(667,148,126,30.000000000,0.000000000,0.000000000,2,'2021-09-24 00:00:00.000000',_binary '\0','2021-08-23 06:01:20.000000'),(668,148,127,30.000000000,0.000000000,0.000000000,2,'2021-09-24 00:00:00.000000',_binary '\0','2021-08-23 06:01:20.000000'),(669,148,122,10.000000000,0.000000000,0.000000000,3,'2021-09-24 00:00:00.000000',_binary '\0','2021-08-23 06:01:21.000000'),(670,148,129,10.000000000,0.000000000,0.000000000,4,'2021-09-24 00:00:00.000000',_binary '\0','2021-08-23 06:01:21.000000'),(671,149,124,30.000000000,0.000000000,0.000000000,1,'2021-10-08 00:00:00.000000',_binary '\0','2021-08-23 06:01:21.000000'),(672,149,126,30.000000000,0.000000000,0.000000000,2,'2021-10-08 00:00:00.000000',_binary '\0','2021-08-23 06:01:21.000000'),(673,149,127,30.000000000,0.000000000,0.000000000,2,'2021-10-08 00:00:00.000000',_binary '\0','2021-08-23 06:01:21.000000'),(674,149,122,10.000000000,0.000000000,0.000000000,3,'2021-10-08 00:00:00.000000',_binary '\0','2021-08-23 06:01:21.000000'),(675,149,129,10.000000000,0.000000000,0.000000000,4,'2021-10-08 00:00:00.000000',_binary '\0','2021-08-23 06:01:21.000000'),(676,150,124,30.000000000,0.000000000,0.000000000,1,'2021-10-22 00:00:00.000000',_binary '\0','2021-08-23 06:01:22.000000'),(677,150,126,30.000000000,0.000000000,0.000000000,2,'2021-10-22 00:00:00.000000',_binary '\0','2021-08-23 06:01:22.000000'),(678,150,127,30.000000000,0.000000000,0.000000000,2,'2021-10-22 00:00:00.000000',_binary '\0','2021-08-23 06:01:22.000000'),(679,150,122,10.000000000,0.000000000,0.000000000,3,'2021-10-22 00:00:00.000000',_binary '\0','2021-08-23 06:01:22.000000'),(680,150,129,10.000000000,0.000000000,0.000000000,4,'2021-10-22 00:00:00.000000',_binary '\0','2021-08-23 06:01:22.000000'),(681,151,124,30.000000000,0.000000000,0.000000000,1,'2021-11-05 00:00:00.000000',_binary '\0','2021-08-23 06:01:22.000000'),(682,151,126,30.000000000,0.000000000,0.000000000,2,'2021-11-05 00:00:00.000000',_binary '\0','2021-08-23 06:01:22.000000'),(683,151,127,30.000000000,0.000000000,0.000000000,2,'2021-11-05 00:00:00.000000',_binary '\0','2021-08-23 06:01:23.000000'),(684,151,122,10.000000000,0.000000000,0.000000000,3,'2021-11-05 00:00:00.000000',_binary '\0','2021-08-23 06:01:23.000000'),(685,151,129,10.000000000,0.000000000,0.000000000,4,'2021-11-05 00:00:00.000000',_binary '\0','2021-08-23 06:01:23.000000'),(686,152,124,30.000000000,0.000000000,0.000000000,1,'2021-11-19 00:00:00.000000',_binary '\0','2021-08-23 06:01:23.000000'),(687,152,126,30.000000000,0.000000000,0.000000000,2,'2021-11-19 00:00:00.000000',_binary '\0','2021-08-23 06:01:23.000000'),(688,152,127,30.000000000,0.000000000,0.000000000,2,'2021-11-19 00:00:00.000000',_binary '\0','2021-08-23 06:01:23.000000'),(689,152,122,10.000000000,0.000000000,0.000000000,3,'2021-11-19 00:00:00.000000',_binary '\0','2021-08-23 06:01:24.000000'),(690,152,129,10.000000000,0.000000000,0.000000000,4,'2021-11-19 00:00:00.000000',_binary '\0','2021-08-23 06:01:24.000000'),(691,153,124,30.000000000,0.000000000,0.000000000,1,'2021-12-03 00:00:00.000000',_binary '\0','2021-08-23 06:01:24.000000'),(692,153,126,30.000000000,0.000000000,0.000000000,2,'2021-12-03 00:00:00.000000',_binary '\0','2021-08-23 06:01:24.000000'),(693,153,127,30.000000000,0.000000000,0.000000000,2,'2021-12-03 00:00:00.000000',_binary '\0','2021-08-23 06:01:24.000000'),(694,153,122,10.000000000,0.000000000,0.000000000,3,'2021-12-03 00:00:00.000000',_binary '\0','2021-08-23 06:01:24.000000'),(695,153,129,10.000000000,0.000000000,0.000000000,4,'2021-12-03 00:00:00.000000',_binary '\0','2021-08-23 06:01:25.000000'),(696,154,122,10.000000000,0.000000000,0.000000000,1,'2021-12-17 00:00:00.000000',_binary '\0','2021-08-23 06:01:25.000000'),(697,154,129,10.000000000,0.000000000,0.000000000,2,'2021-12-17 00:00:00.000000',_binary '\0','2021-08-23 06:01:25.000000'),(698,155,122,10.000000000,0.000000000,0.000000000,1,'2021-12-31 00:00:00.000000',_binary '\0','2021-08-23 06:01:25.000000'),(699,155,129,10.000000000,0.000000000,0.000000000,2,'2021-12-31 00:00:00.000000',_binary '\0','2021-08-23 06:01:26.000000'),(700,156,122,5.000000000,0.000000000,0.000000000,1,'2022-01-14 00:00:00.000000',_binary '\0','2021-08-23 06:01:26.000000'),(701,156,129,5.000000000,0.000000000,0.000000000,2,'2022-01-14 00:00:00.000000',_binary '\0','2021-08-23 06:01:26.000000'),(702,157,21,25.000000000,0.000000000,0.000000000,1,'2021-10-11 00:00:00.000000',_binary '\0','2021-08-23 06:01:26.000000'),(703,157,22,25.000000000,0.000000000,0.000000000,2,'2021-10-11 00:00:00.000000',_binary '\0','2021-08-23 06:01:26.000000'),(704,157,24,25.000000000,0.000000000,0.000000000,3,'2021-10-11 00:00:00.000000',_binary '\0','2021-08-23 06:01:26.000000'),(705,157,25,15.000000000,0.000000000,0.000000000,4,'2021-10-11 00:00:00.000000',_binary '\0','2021-08-23 06:01:27.000000'),(706,157,153,15.000000000,0.000000000,0.000000000,5,'2021-10-11 00:00:00.000000',_binary '\0','2021-08-23 06:01:27.000000'),(707,157,155,15.000000000,0.000000000,0.000000000,6,'2021-10-11 00:00:00.000000',_binary '\0','2021-08-23 06:01:27.000000'),(708,158,131,1.000000000,0.000000000,0.000000000,1,'2021-09-17 00:00:00.000000',_binary '\0','2021-08-23 06:01:27.000000'),(709,158,132,1.000000000,0.000000000,0.000000000,1,'2021-09-17 00:00:00.000000',_binary '\0','2021-08-23 06:01:27.000000'),(710,158,51,1.000000000,0.000000000,0.000000000,2,'2021-09-17 00:00:00.000000',_binary '\0','2021-08-23 06:01:28.000000'),(711,158,52,1.000000000,0.000000000,0.000000000,3,'2021-09-17 00:00:00.000000',_binary '\0','2021-08-23 06:01:28.000000'),(712,158,30,1.000000000,0.000000000,0.000000000,4,'2021-09-17 00:00:00.000000',_binary '\0','2021-08-23 06:01:28.000000'),(713,158,42,1.000000000,0.000000000,0.000000000,4,'2021-09-17 00:00:00.000000',_binary '\0','2021-08-23 06:01:28.000000'),(714,158,44,1.000000000,0.000000000,0.000000000,4,'2021-09-17 00:00:00.000000',_binary '\0','2021-08-23 06:01:28.000000'),(715,158,77,2.000000000,0.000000000,0.000000000,5,'2021-09-17 00:00:00.000000',_binary '\0','2021-08-23 06:01:28.000000'),(716,158,78,2.000000000,0.000000000,0.000000000,5,'2021-09-17 00:00:00.000000',_binary '\0','2021-08-23 06:01:28.000000'),(717,158,30,1.000000000,0.000000000,0.000000000,6,'2021-09-17 00:00:00.000000',_binary '\0','2021-08-23 06:01:28.000000'),(718,158,31,1.000000000,0.000000000,0.000000000,6,'2021-09-17 00:00:00.000000',_binary '\0','2021-08-23 06:01:28.000000'),(719,158,44,1.000000000,0.000000000,0.000000000,6,'2021-09-17 00:00:00.000000',_binary '\0','2021-08-23 06:01:28.000000'),(720,158,48,2.000000000,0.000000000,0.000000000,7,'2021-09-17 00:00:00.000000',_binary '','2021-08-23 06:01:28.000000'),(721,158,50,2.000000000,0.000000000,0.000000000,7,'2021-09-17 00:00:00.000000',_binary '\0','2021-08-23 06:01:28.000000'),(722,158,112,1.000000000,0.000000000,0.000000000,8,'2021-09-17 00:00:00.000000',_binary '\0','2021-08-23 06:01:28.000000'),(723,158,113,1.000000000,0.000000000,0.000000000,8,'2021-09-17 00:00:00.000000',_binary '\0','2021-08-23 06:01:28.000000'),(724,159,30,1.000000000,0.000000000,0.000000000,1,'2021-09-16 00:00:00.000000',_binary '\0','2021-08-23 06:01:29.000000'),(725,159,42,1.000000000,0.000000000,0.000000000,1,'2021-09-16 00:00:00.000000',_binary '\0','2021-08-23 06:01:29.000000'),(726,159,32,1.000000000,0.000000000,0.000000000,1,'2021-09-16 00:00:00.000000',_binary '\0','2021-08-23 06:01:29.000000'),(727,159,77,2.000000000,0.000000000,0.000000000,2,'2021-09-16 00:00:00.000000',_binary '\0','2021-08-23 06:01:29.000000'),(728,159,78,2.000000000,0.000000000,0.000000000,2,'2021-09-16 00:00:00.000000',_binary '\0','2021-08-23 06:01:29.000000'),(729,159,30,1.000000000,0.000000000,0.000000000,3,'2021-09-16 00:00:00.000000',_binary '\0','2021-08-23 06:01:29.000000'),(730,159,31,1.000000000,0.000000000,0.000000000,3,'2021-09-16 00:00:00.000000',_binary '\0','2021-08-23 06:01:29.000000'),(731,159,46,1.000000000,0.000000000,0.000000000,3,'2021-09-16 00:00:00.000000',_binary '\0','2021-08-23 06:01:30.000000'),(732,159,44,1.000000000,0.000000000,0.000000000,3,'2021-09-16 00:00:00.000000',_binary '\0','2021-08-23 06:01:30.000000'),(733,159,48,1.000000000,0.000000000,0.000000000,4,'2021-09-16 00:00:00.000000',_binary '','2021-08-23 06:01:30.000000'),(734,159,50,1.000000000,0.000000000,0.000000000,4,'2021-09-16 00:00:00.000000',_binary '\0','2021-08-23 06:01:30.000000'),(735,159,48,1.000000000,0.000000000,0.000000000,5,'2021-09-16 00:00:00.000000',_binary '','2021-08-23 06:01:30.000000'),(736,160,131,1.000000000,0.000000000,0.000000000,1,'2021-09-15 00:00:00.000000',_binary '\0','2021-08-23 06:01:31.000000'),(737,160,132,1.000000000,0.000000000,0.000000000,1,'2021-09-15 00:00:00.000000',_binary '\0','2021-08-23 06:01:31.000000'),(738,160,51,1.000000000,0.000000000,0.000000000,2,'2021-09-15 00:00:00.000000',_binary '\0','2021-08-23 06:01:31.000000'),(739,160,52,1.000000000,0.000000000,0.000000000,3,'2021-09-15 00:00:00.000000',_binary '\0','2021-08-23 06:01:31.000000'),(740,160,30,1.000000000,0.000000000,0.000000000,4,'2021-09-15 00:00:00.000000',_binary '\0','2021-08-23 06:01:32.000000'),(741,160,31,1.000000000,0.000000000,0.000000000,4,'2021-09-15 00:00:00.000000',_binary '\0','2021-08-23 06:01:32.000000'),(742,160,32,1.000000000,0.000000000,0.000000000,4,'2021-09-15 00:00:00.000000',_binary '\0','2021-08-23 06:01:32.000000'),(743,160,77,1.000000000,0.000000000,0.000000000,5,'2021-09-15 00:00:00.000000',_binary '\0','2021-08-23 06:01:32.000000'),(744,160,78,1.000000000,0.000000000,0.000000000,5,'2021-09-15 00:00:00.000000',_binary '\0','2021-08-23 06:01:32.000000'),(745,160,48,3.000000000,0.000000000,0.000000000,6,'2021-09-15 00:00:00.000000',_binary '','2021-08-23 06:01:32.000000'),(746,160,48,1.000000000,0.000000000,0.000000000,7,'2021-09-15 00:00:00.000000',_binary '','2021-08-23 06:01:33.000000'),(747,160,48,2.000000000,0.000000000,0.000000000,8,'2021-09-15 00:00:00.000000',_binary '','2021-08-23 06:01:33.000000'),(748,160,50,2.000000000,0.000000000,0.000000000,8,'2021-09-15 00:00:00.000000',_binary '\0','2021-08-23 06:01:33.000000'),(749,161,112,1.000000000,0.000000000,0.000000000,1,'2021-09-14 00:00:00.000000',_binary '\0','2021-08-23 06:01:33.000000'),(750,161,113,1.000000000,0.000000000,0.000000000,1,'2021-09-14 00:00:00.000000',_binary '\0','2021-08-23 06:01:33.000000'),(751,161,30,1.000000000,0.000000000,0.000000000,2,'2021-09-14 00:00:00.000000',_binary '\0','2021-08-23 06:01:34.000000'),(752,161,31,1.000000000,0.000000000,0.000000000,2,'2021-09-14 00:00:00.000000',_binary '\0','2021-08-23 06:01:34.000000'),(753,161,44,1.000000000,0.000000000,0.000000000,2,'2021-09-14 00:00:00.000000',_binary '\0','2021-08-23 06:01:34.000000'),(754,161,77,2.000000000,0.000000000,0.000000000,3,'2021-09-14 00:00:00.000000',_binary '\0','2021-08-23 06:01:34.000000'),(755,161,78,2.000000000,0.000000000,0.000000000,3,'2021-09-14 00:00:00.000000',_binary '\0','2021-08-23 06:01:34.000000'),(756,161,48,2.000000000,0.000000000,0.000000000,4,'2021-09-14 00:00:00.000000',_binary '','2021-08-23 06:01:34.000000'),(757,161,48,2.000000000,0.000000000,0.000000000,5,'2021-09-14 00:00:00.000000',_binary '','2021-08-23 06:01:35.000000'),(758,161,30,1.000000000,0.000000000,0.000000000,6,'2021-09-14 00:00:00.000000',_binary '\0','2021-08-23 06:01:35.000000'),(759,161,42,1.000000000,0.000000000,0.000000000,6,'2021-09-14 00:00:00.000000',_binary '\0','2021-08-23 06:01:35.000000'),(760,161,32,1.000000000,0.000000000,0.000000000,6,'2021-09-14 00:00:00.000000',_binary '\0','2021-08-23 06:01:35.000000'),(761,162,131,1.000000000,0.000000000,0.000000000,1,'2021-09-13 00:00:00.000000',_binary '\0','2021-08-23 06:01:35.000000'),(762,162,132,1.000000000,0.000000000,0.000000000,1,'2021-09-13 00:00:00.000000',_binary '\0','2021-08-23 06:01:35.000000'),(763,162,51,1.000000000,0.000000000,0.000000000,2,'2021-09-13 00:00:00.000000',_binary '\0','2021-08-23 06:01:36.000000'),(764,162,52,1.000000000,0.000000000,0.000000000,3,'2021-09-13 00:00:00.000000',_binary '\0','2021-08-23 06:01:36.000000'),(765,162,30,1.000000000,0.000000000,0.000000000,4,'2021-09-13 00:00:00.000000',_binary '\0','2021-08-23 06:01:36.000000'),(766,162,31,1.000000000,0.000000000,0.000000000,4,'2021-09-13 00:00:00.000000',_binary '\0','2021-08-23 06:01:36.000000'),(767,162,32,1.000000000,0.000000000,0.000000000,4,'2021-09-13 00:00:00.000000',_binary '\0','2021-08-23 06:01:36.000000'),(768,162,77,2.000000000,0.000000000,0.000000000,5,'2021-09-13 00:00:00.000000',_binary '\0','2021-08-23 06:01:37.000000'),(769,162,78,2.000000000,0.000000000,0.000000000,5,'2021-09-13 00:00:00.000000',_binary '\0','2021-08-23 06:01:37.000000'),(770,162,48,1.000000000,0.000000000,0.000000000,6,'2021-09-13 00:00:00.000000',_binary '','2021-08-23 06:01:37.000000'),(771,162,50,1.000000000,0.000000000,0.000000000,6,'2021-09-13 00:00:00.000000',_binary '\0','2021-08-23 06:01:37.000000'),(772,162,48,1.000000000,0.000000000,0.000000000,7,'2021-09-13 00:00:00.000000',_binary '','2021-08-23 06:01:37.000000'),(773,162,48,1.000000000,0.000000000,0.000000000,8,'2021-09-13 00:00:00.000000',_binary '','2021-08-23 06:01:38.000000'),(774,162,30,1.000000000,0.000000000,0.000000000,9,'2021-09-13 00:00:00.000000',_binary '\0','2021-08-23 06:01:38.000000'),(775,162,42,1.000000000,0.000000000,0.000000000,9,'2021-09-13 00:00:00.000000',_binary '\0','2021-08-23 06:01:38.000000'),(776,162,32,1.000000000,0.000000000,0.000000000,9,'2021-09-13 00:00:00.000000',_binary '\0','2021-08-23 06:01:38.000000'),(777,163,157,300.000000000,0.000000000,0.000000000,1,'2021-08-24 00:00:00.000000',_binary '\0','2021-08-23 06:01:39.000000'),(778,164,158,20.000000000,0.000000000,0.000000000,1,'2021-09-03 00:00:00.000000',_binary '\0','2021-08-23 06:01:39.000000'),(779,164,159,20.000000000,0.000000000,0.000000000,2,'2021-09-03 00:00:00.000000',_binary '\0','2021-08-23 06:01:39.000000'),(780,165,161,40.000000000,0.000000000,0.000000000,1,'2021-09-24 00:00:00.000000',_binary '\0','2021-08-23 06:01:39.000000'),(781,165,162,40.000000000,0.000000000,0.000000000,1,'2021-09-24 00:00:00.000000',_binary '\0','2021-08-23 06:01:40.000000'),(782,165,163,40.000000000,0.000000000,0.000000000,1,'2021-09-24 00:00:00.000000',_binary '\0','2021-08-23 06:01:40.000000'),(783,165,161,40.000000000,0.000000000,0.000000000,2,'2021-09-24 00:00:00.000000',_binary '\0','2021-08-23 06:01:40.000000'),(784,165,162,40.000000000,0.000000000,0.000000000,2,'2021-09-24 00:00:00.000000',_binary '\0','2021-08-23 06:01:40.000000'),(785,165,163,40.000000000,0.000000000,0.000000000,2,'2021-09-24 00:00:00.000000',_binary '\0','2021-08-23 06:01:40.000000'),(786,165,161,40.000000000,0.000000000,0.000000000,3,'2021-09-24 00:00:00.000000',_binary '\0','2021-08-23 06:01:40.000000'),(787,165,162,40.000000000,0.000000000,0.000000000,3,'2021-09-24 00:00:00.000000',_binary '\0','2021-08-23 06:01:41.000000'),(788,165,163,40.000000000,0.000000000,0.000000000,3,'2021-09-24 00:00:00.000000',_binary '\0','2021-08-23 06:01:41.000000'),(789,165,161,40.000000000,0.000000000,0.000000000,4,'2021-09-24 00:00:00.000000',_binary '\0','2021-08-23 06:01:41.000000'),(790,165,162,40.000000000,0.000000000,0.000000000,4,'2021-09-24 00:00:00.000000',_binary '\0','2021-08-23 06:01:41.000000'),(791,165,163,40.000000000,0.000000000,0.000000000,4,'2021-09-24 00:00:00.000000',_binary '\0','2021-08-23 06:01:41.000000'),(792,165,161,40.000000000,0.000000000,0.000000000,5,'2021-09-24 00:00:00.000000',_binary '\0','2021-08-23 06:01:42.000000'),(793,165,162,40.000000000,0.000000000,0.000000000,5,'2021-09-24 00:00:00.000000',_binary '\0','2021-08-23 06:01:42.000000'),(794,165,163,40.000000000,0.000000000,0.000000000,5,'2021-09-24 00:00:00.000000',_binary '\0','2021-08-23 06:01:42.000000'),(795,165,161,40.000000000,0.000000000,0.000000000,6,'2021-09-24 00:00:00.000000',_binary '\0','2021-08-23 06:01:42.000000'),(796,165,162,40.000000000,0.000000000,0.000000000,6,'2021-09-24 00:00:00.000000',_binary '\0','2021-08-23 06:01:42.000000'),(797,165,169,40.000000000,0.000000000,0.000000000,6,'2021-09-24 00:00:00.000000',_binary '\0','2021-08-23 06:01:43.000000'),(798,165,170,40.000000000,0.000000000,0.000000000,7,'2021-09-24 00:00:00.000000',_binary '\0','2021-08-23 06:01:43.000000'),(799,165,171,40.000000000,0.000000000,0.000000000,8,'2021-09-24 00:00:00.000000',_binary '\0','2021-08-23 06:01:44.000000'),(800,165,172,40.000000000,0.000000000,0.000000000,9,'2021-09-24 00:00:00.000000',_binary '\0','2021-08-23 06:01:44.000000'),(801,165,173,40.000000000,0.000000000,0.000000000,10,'2021-09-24 00:00:00.000000',_binary '\0','2021-08-23 06:01:45.000000'),(802,165,174,40.000000000,0.000000000,0.000000000,11,'2021-09-24 00:00:00.000000',_binary '\0','2021-08-23 06:01:45.000000'),(803,165,176,40.000000000,0.000000000,0.000000000,12,'2021-09-24 00:00:00.000000',_binary '\0','2021-08-23 06:01:46.000000'),(804,165,177,40.000000000,0.000000000,0.000000000,12,'2021-09-24 00:00:00.000000',_binary '\0','2021-08-23 06:01:46.000000'),(805,165,176,40.000000000,0.000000000,0.000000000,13,'2021-09-24 00:00:00.000000',_binary '\0','2021-08-23 06:01:46.000000'),(806,165,177,40.000000000,0.000000000,0.000000000,13,'2021-09-24 00:00:00.000000',_binary '\0','2021-08-23 06:01:46.000000'),(807,165,176,40.000000000,0.000000000,0.000000000,14,'2021-09-24 00:00:00.000000',_binary '\0','2021-08-23 06:01:47.000000'),(808,165,177,40.000000000,0.000000000,0.000000000,14,'2021-09-24 00:00:00.000000',_binary '\0','2021-08-23 06:01:47.000000'),(809,166,180,6.000000000,0.000000000,0.000000000,1,'2021-08-23 00:00:00.000000',_binary '\0','2021-08-23 06:01:47.000000'),(810,166,181,16.000000000,0.000000000,0.000000000,2,'2021-08-23 00:00:00.000000',_binary '\0','2021-08-23 06:01:47.000000'),(811,166,180,48.000000000,0.000000000,0.000000000,4,'2021-08-23 00:00:00.000000',_binary '\0','2021-08-23 06:01:47.000000'),(812,166,183,1.000000000,0.000000000,0.000000000,5,'2021-08-23 00:00:00.000000',_binary '\0','2021-08-23 06:01:48.000000'),(813,166,184,1.000000000,0.000000000,0.000000000,5,'2021-08-23 00:00:00.000000',_binary '','2021-08-23 06:01:48.000000'),(814,166,186,1.000000000,0.000000000,0.000000000,6,'2021-08-23 00:00:00.000000',_binary '','2021-08-23 06:01:48.000000'),(815,166,187,1.000000000,0.000000000,0.000000000,6,'2021-08-23 00:00:00.000000',_binary '\0','2021-08-23 06:01:48.000000'),(816,166,180,2.000000000,0.000000000,0.000000000,7,'2021-08-23 00:00:00.000000',_binary '\0','2021-08-23 06:01:49.000000'),(817,166,180,24.000000000,0.000000000,0.000000000,8,'2021-08-23 00:00:00.000000',_binary '\0','2021-08-23 06:01:49.000000'),(818,166,180,12.000000000,0.000000000,0.000000000,9,'2021-08-23 00:00:00.000000',_binary '\0','2021-08-23 06:01:49.000000'),(819,167,3,100.000000000,45.000000000,0.000000000,3,'2021-06-28 00:00:00.000000',_binary '','2021-08-23 06:01:49.000000'),(820,168,1,120.000000000,15.000000000,0.000000000,1,'2021-07-05 00:00:00.000000',_binary '','2021-08-23 06:01:49.000000'),(821,168,2,60.000000000,52.000000000,0.000000000,2,'2021-07-05 00:00:00.000000',_binary '','2021-08-23 06:01:50.000000'),(822,168,3,100.000000000,20.000000000,0.000000000,3,'2021-07-05 00:00:00.000000',_binary '','2021-08-23 06:01:50.000000'),(823,169,8,100.000000000,18.000000000,0.000000000,10,'2021-07-19 00:00:00.000000',_binary '','2021-08-23 06:01:50.000000'),(824,5,188,30.000000000,23.000000000,0.000000000,2,'2021-06-22 00:00:00.000000',_binary '','2021-08-23 06:01:50.000000'),(825,170,20,117.000000000,99.000000000,0.000000000,1,'2021-08-02 00:00:00.000000',_binary '','2021-08-23 06:01:50.000000'),(826,11,21,25.000000000,17.000000000,0.000000000,1,'2021-08-16 00:00:00.000000',_binary '\0','2021-08-23 06:01:51.000000'),(827,171,74,12.000000000,10.000000000,0.000000000,2,'2021-08-03 00:00:00.000000',_binary '','2021-08-23 06:01:51.000000'),(828,172,65,10.000000000,5.000000000,0.000000000,5,'2021-08-02 00:00:00.000000',_binary '','2021-08-23 06:01:51.000000'),(829,18,189,20.000000000,14.000000000,0.000000000,9,'2021-07-16 00:00:00.000000',_binary '\0','2021-08-23 06:01:51.000000'),(830,18,191,50.000000000,24.000000000,0.000000000,16,'2021-07-16 00:00:00.000000',_binary '\0','2021-08-23 06:01:51.000000'),(831,18,192,50.000000000,24.000000000,0.000000000,16,'2021-07-16 00:00:00.000000',_binary '\0','2021-08-23 06:01:52.000000'),(832,173,51,30.000000000,7.000000000,0.000000000,1,'2021-07-30 00:00:00.000000',_binary '\0','2021-08-23 06:01:52.000000'),(833,173,52,30.000000000,7.000000000,0.000000000,2,'2021-07-30 00:00:00.000000',_binary '\0','2021-08-23 06:01:52.000000'),(834,173,48,30.000000000,17.000000000,0.000000000,3,'2021-07-30 00:00:00.000000',_binary '','2021-08-23 06:01:52.000000'),(835,173,50,30.000000000,17.000000000,0.000000000,3,'2021-07-30 00:00:00.000000',_binary '\0','2021-08-23 06:01:52.000000'),(836,173,48,15.000000000,3.000000000,0.000000000,4,'2021-07-30 00:00:00.000000',_binary '','2021-08-23 06:01:52.000000'),(837,38,56,50.000000000,1.000000000,0.000000000,3,'2021-08-30 00:00:00.000000',_binary '\0','2021-08-23 06:01:53.000000'),(838,38,57,100.000000000,36.000000000,0.000000000,5,'2021-08-30 00:00:00.000000',_binary '','2021-08-23 06:01:53.000000'),(839,38,59,180.000000000,10.000000000,0.000000000,7,'2021-08-30 00:00:00.000000',_binary '\0','2021-08-23 06:01:53.000000'),(840,39,54,110.000000000,41.000000000,0.000000000,1,'2021-08-16 00:00:00.000000',_binary '','2021-08-23 06:01:53.000000'),(841,174,82,50.000000000,9.000000000,0.000000000,1,'2021-08-13 00:00:00.000000',_binary '\0','2021-08-23 06:01:54.000000'),(842,174,83,50.000000000,9.000000000,0.000000000,1,'2021-08-13 00:00:00.000000',_binary '\0','2021-08-23 06:01:54.000000'),(843,54,85,8.000000000,4.000000000,0.000000000,3,'2021-08-03 00:00:00.000000',_binary '\0','2021-08-23 06:01:54.000000'),(844,175,86,30.000000000,10.000000000,0.000000000,4,'2021-07-26 00:00:00.000000',_binary '\0','2021-08-23 06:01:54.000000'),(845,56,108,8.000000000,7.000000000,0.000000000,1,'2021-08-17 00:00:00.000000',_binary '','2021-08-23 06:01:54.000000'),(846,57,109,30.000000000,20.000000000,0.000000000,1,'2021-08-03 00:00:00.000000',_binary '','2021-08-23 06:01:54.000000'),(847,60,193,8.000000000,3.000000000,0.000000000,2,'2021-07-30 00:00:00.000000',_binary '\0','2021-08-23 06:01:55.000000'),(848,60,194,8.000000000,3.000000000,0.000000000,3,'2021-07-30 00:00:00.000000',_binary '\0','2021-08-23 06:01:55.000000'),(849,83,55,300.000000000,38.000000000,0.000000000,1,'2021-08-10 00:00:00.000000',_binary '','2021-08-23 06:01:55.000000'),(850,176,116,140.000000000,55.000000000,0.000000000,1,'2021-08-16 00:00:00.000000',_binary '','2021-08-23 06:01:55.000000'),(851,177,195,26.000000000,6.000000000,0.000000000,1,'2021-08-17 00:00:00.000000',_binary '','2021-08-23 06:01:56.000000'),(852,121,138,6.000000000,5.000000000,0.000000000,1,'2021-09-01 00:00:00.000000',_binary '','2021-08-23 06:01:56.000000'),(853,128,141,10.000000000,5.000000000,0.000000000,2,'2021-08-30 00:00:00.000000',_binary '\0','2021-08-23 06:01:56.000000'),(854,128,142,10.000000000,3.000000000,0.000000000,5,'2021-08-30 00:00:00.000000',_binary '','2021-08-23 06:01:56.000000'),(855,178,196,100.000000000,80.000000000,0.000000000,1,'2021-08-23 00:00:00.000000',_binary '\0','2021-08-23 06:01:57.000000'),(856,179,161,40.000000000,0.000000000,0.000000000,1,'2021-09-17 00:00:00.000000',_binary '\0','2021-08-23 10:04:36.000000'),(857,179,162,40.000000000,0.000000000,0.000000000,1,'2021-09-17 00:00:00.000000',_binary '\0','2021-08-23 10:04:36.000000'),(858,179,163,40.000000000,0.000000000,0.000000000,1,'2021-09-17 00:00:00.000000',_binary '\0','2021-08-23 10:04:36.000000'),(859,179,161,40.000000000,0.000000000,0.000000000,2,'2021-09-17 00:00:00.000000',_binary '\0','2021-08-23 10:04:36.000000'),(860,179,162,40.000000000,0.000000000,0.000000000,2,'2021-09-17 00:00:00.000000',_binary '\0','2021-08-23 10:04:37.000000'),(861,179,163,40.000000000,0.000000000,0.000000000,2,'2021-09-17 00:00:00.000000',_binary '\0','2021-08-23 10:04:37.000000'),(862,179,161,40.000000000,0.000000000,0.000000000,3,'2021-09-17 00:00:00.000000',_binary '\0','2021-08-23 10:04:37.000000'),(863,179,162,40.000000000,0.000000000,0.000000000,3,'2021-09-17 00:00:00.000000',_binary '\0','2021-08-23 10:04:37.000000'),(864,179,163,40.000000000,0.000000000,0.000000000,3,'2021-09-17 00:00:00.000000',_binary '\0','2021-08-23 10:04:37.000000'),(865,179,161,40.000000000,0.000000000,0.000000000,4,'2021-09-17 00:00:00.000000',_binary '\0','2021-08-23 10:04:37.000000'),(866,179,162,40.000000000,0.000000000,0.000000000,4,'2021-09-17 00:00:00.000000',_binary '\0','2021-08-23 10:04:37.000000'),(867,179,163,40.000000000,0.000000000,0.000000000,4,'2021-09-17 00:00:00.000000',_binary '\0','2021-08-23 10:04:37.000000'),(868,179,161,40.000000000,0.000000000,0.000000000,5,'2021-09-17 00:00:00.000000',_binary '\0','2021-08-23 10:04:37.000000'),(869,179,162,40.000000000,0.000000000,0.000000000,5,'2021-09-17 00:00:00.000000',_binary '\0','2021-08-23 10:04:37.000000'),(870,179,163,40.000000000,0.000000000,0.000000000,5,'2021-09-17 00:00:00.000000',_binary '\0','2021-08-23 10:04:37.000000'),(871,179,161,40.000000000,0.000000000,0.000000000,6,'2021-09-17 00:00:00.000000',_binary '\0','2021-08-23 10:04:38.000000'),(872,179,162,40.000000000,0.000000000,0.000000000,6,'2021-09-17 00:00:00.000000',_binary '\0','2021-08-23 10:04:38.000000'),(873,179,169,40.000000000,0.000000000,0.000000000,6,'2021-09-17 00:00:00.000000',_binary '\0','2021-08-23 10:04:38.000000'),(874,179,170,40.000000000,0.000000000,0.000000000,7,'2021-09-17 00:00:00.000000',_binary '\0','2021-08-23 10:04:38.000000'),(875,179,171,40.000000000,0.000000000,0.000000000,8,'2021-09-17 00:00:00.000000',_binary '\0','2021-08-23 10:04:38.000000'),(876,179,172,40.000000000,0.000000000,0.000000000,9,'2021-09-17 00:00:00.000000',_binary '\0','2021-08-23 10:04:39.000000'),(877,179,173,40.000000000,0.000000000,0.000000000,10,'2021-09-17 00:00:00.000000',_binary '\0','2021-08-23 10:04:39.000000'),(878,179,174,40.000000000,0.000000000,0.000000000,11,'2021-09-17 00:00:00.000000',_binary '\0','2021-08-23 10:04:39.000000'),(879,179,176,40.000000000,0.000000000,0.000000000,12,'2021-09-17 00:00:00.000000',_binary '\0','2021-08-23 10:04:40.000000'),(880,179,177,40.000000000,0.000000000,0.000000000,12,'2021-09-17 00:00:00.000000',_binary '\0','2021-08-23 10:04:40.000000'),(881,179,176,40.000000000,0.000000000,0.000000000,13,'2021-09-17 00:00:00.000000',_binary '\0','2021-08-23 10:04:40.000000'),(882,179,177,40.000000000,0.000000000,0.000000000,13,'2021-09-17 00:00:00.000000',_binary '\0','2021-08-23 10:04:40.000000'),(883,179,176,40.000000000,0.000000000,0.000000000,14,'2021-09-17 00:00:00.000000',_binary '\0','2021-08-23 10:04:40.000000'),(884,179,177,40.000000000,0.000000000,0.000000000,14,'2021-09-17 00:00:00.000000',_binary '\0','2021-08-23 10:04:41.000000'),(885,180,134,10.000000000,0.000000000,0.000000000,1,'2021-08-31 00:00:00.000000',_binary '\0','2021-08-23 10:04:41.000000');
/*!40000 ALTER TABLE `sales_order_item` ENABLE KEYS */;
UNLOCK TABLES;

--
-- Temporary view structure for view `sales_orders`
--

DROP TABLE IF EXISTS `sales_orders`;
/*!50001 DROP VIEW IF EXISTS `sales_orders`*/;
SET @saved_cs_client     = @@character_set_client;
/*!50503 SET character_set_client = utf8mb4 */;
/*!50001 CREATE VIEW `sales_orders` AS SELECT 
 1 AS `sales_order_id`,
 1 AS `date_added`,
 1 AS `due_date`,
 1 AS `customer_name`,
 1 AS `sales_order_number`,
 1 AS `product_number`,
 1 AS `product_description`,
 1 AS `unit_price_dollars`,
 1 AS `product_uom`,
 1 AS `qty_to_fulfill`,
 1 AS `qty_picked`,
 1 AS `qty_fulfilled`,
 1 AS `qty_left_to_ship`,
 1 AS `cut_in_full`*/;
SET character_set_client = @saved_cs_client;

--
-- Temporary view structure for view `so_items_to_cut`
--

DROP TABLE IF EXISTS `so_items_to_cut`;
/*!50001 DROP VIEW IF EXISTS `so_items_to_cut`*/;
SET @saved_cs_client     = @@character_set_client;
/*!50503 SET character_set_client = utf8mb4 */;
/*!50001 CREATE VIEW `so_items_to_cut` AS SELECT 
 1 AS `so_id`,
 1 AS `so_item_due_date`,
 1 AS `customer_name`,
 1 AS `so_number`,
 1 AS `product_number`,
 1 AS `description`,
 1 AS `unit_price`,
 1 AS `qty_left_to_ship`,
 1 AS `uom`,
 1 AS `line_number`,
 1 AS `is_child_item`,
 1 AS `fully_cut`,
 1 AS `parent_number`,
 1 AS `parent_description`*/;
SET character_set_client = @saved_cs_client;

--
-- Table structure for table `system_properties`
--

DROP TABLE IF EXISTS `system_properties`;
/*!40101 SET @saved_cs_client     = @@character_set_client */;
/*!50503 SET character_set_client = utf8mb4 */;
CREATE TABLE `system_properties` (
  `id` int(11) NOT NULL AUTO_INCREMENT,
  `date_last_modified` datetime(6) DEFAULT NULL,
  `read_only` bit(1) NOT NULL,
  `name` varchar(255) NOT NULL,
  `value` varchar(1024) NOT NULL,
  `visible` bit(1) NOT NULL,
  `value_type` varchar(45) NOT NULL,
  PRIMARY KEY (`id`),
  UNIQUE KEY `UK_osp7t6r0heujnkqu21sxoqhgd` (`name`),
  KEY `sysPropertiesSysKeyIdx` (`name`)
) ENGINE=InnoDB AUTO_INCREMENT=6 DEFAULT CHARSET=utf8;
/*!40101 SET character_set_client = @saved_cs_client */;

--
-- Dumping data for table `system_properties`
--

LOCK TABLES `system_properties` WRITE;
/*!40000 ALTER TABLE `system_properties` DISABLE KEYS */;
INSERT INTO `system_properties` VALUES (1,'2021-08-23 05:59:01.075549',_binary '','list_to_string_delimiter',', ',_binary '','str'),(2,'2021-08-23 05:59:01.099498',_binary '\0','fishbowl_auto_update_sales_orders','0',_binary '','bool'),(3,'2021-08-23 05:59:01.161587',_binary '\0','add_parent_products_to_sales_orders','0',_binary '','bool'),(4,'2021-08-23 05:59:01.201738',_binary '\0','exclude_sales_order_products_starting_with','BC-',_binary '','list'),(5,'2021-08-23 05:59:01.226292',_binary '\0','date_formate','%m-%d-%Y %I:%M %p',_binary '','str');
/*!40000 ALTER TABLE `system_properties` ENABLE KEYS */;
UNLOCK TABLES;

--
-- Table structure for table `wire_cutter`
--

DROP TABLE IF EXISTS `wire_cutter`;
/*!40101 SET @saved_cs_client     = @@character_set_client */;
/*!50503 SET character_set_client = utf8mb4 */;
CREATE TABLE `wire_cutter` (
  `id` int(11) NOT NULL AUTO_INCREMENT,
  `name` varchar(255) NOT NULL,
  `max_wire_gauge_awg` int(11) DEFAULT NULL,
  `processing_speed_feet_per_minute` int(11) DEFAULT NULL,
  `details` varchar(255) DEFAULT NULL,
  PRIMARY KEY (`id`),
  UNIQUE KEY `name_UNIQUE` (`name`)
) ENGINE=InnoDB AUTO_INCREMENT=4 DEFAULT CHARSET=utf8;
/*!40101 SET character_set_client = @saved_cs_client */;

--
-- Dumping data for table `wire_cutter`
--

LOCK TABLES `wire_cutter` WRITE;
/*!40000 ALTER TABLE `wire_cutter` DISABLE KEYS */;
INSERT INTO `wire_cutter` VALUES (1,'Kappa 330 Jim',0,150,''),(2,'Kodera C370 Brandon',8,100,''),(3,'Kodera C350 Dom',12,150,'');
/*!40000 ALTER TABLE `wire_cutter` ENABLE KEYS */;
UNLOCK TABLES;

--
-- Table structure for table `wire_cutter_option`
--

DROP TABLE IF EXISTS `wire_cutter_option`;
/*!40101 SET @saved_cs_client     = @@character_set_client */;
/*!50503 SET character_set_client = utf8mb4 */;
CREATE TABLE `wire_cutter_option` (
  `id` int(11) NOT NULL AUTO_INCREMENT,
  `name` varchar(255) NOT NULL,
  `description` varchar(255) DEFAULT NULL,
  PRIMARY KEY (`id`),
  UNIQUE KEY `name_UNIQUE` (`name`),
  KEY `IDX_bifbvnivbiuwkjdfghn` (`name`)
) ENGINE=InnoDB DEFAULT CHARSET=utf8;
/*!40101 SET character_set_client = @saved_cs_client */;

--
-- Dumping data for table `wire_cutter_option`
--

LOCK TABLES `wire_cutter_option` WRITE;
/*!40000 ALTER TABLE `wire_cutter_option` DISABLE KEYS */;
/*!40000 ALTER TABLE `wire_cutter_option` ENABLE KEYS */;
UNLOCK TABLES;

--
-- Table structure for table `wire_cutter_to_wire_cutter_option`
--

DROP TABLE IF EXISTS `wire_cutter_to_wire_cutter_option`;
/*!40101 SET @saved_cs_client     = @@character_set_client */;
/*!50503 SET character_set_client = utf8mb4 */;
CREATE TABLE `wire_cutter_to_wire_cutter_option` (
  `id` int(11) NOT NULL AUTO_INCREMENT,
  `wire_cutter_id` int(11) NOT NULL,
  `wire_cutter_option_id` int(11) NOT NULL,
  PRIMARY KEY (`id`),
  KEY `FK_usidfbviadflkjnbbkjhjfgnf_idx` (`wire_cutter_id`),
  KEY `FK_vbiuakjdfbjkdvkjdfbkjfhg_idx` (`wire_cutter_option_id`),
  CONSTRAINT `FK_usidfbviadflkjnbbkjhjfgnf` FOREIGN KEY (`wire_cutter_id`) REFERENCES `wire_cutter` (`id`) ON DELETE NO ACTION ON UPDATE NO ACTION,
  CONSTRAINT `FK_vbiuakjdfbjkdvkjdfbkjfhg` FOREIGN KEY (`wire_cutter_option_id`) REFERENCES `wire_cutter_option` (`id`) ON DELETE NO ACTION ON UPDATE NO ACTION
) ENGINE=InnoDB DEFAULT CHARSET=utf8;
/*!40101 SET character_set_client = @saved_cs_client */;

--
-- Dumping data for table `wire_cutter_to_wire_cutter_option`
--

LOCK TABLES `wire_cutter_to_wire_cutter_option` WRITE;
/*!40000 ALTER TABLE `wire_cutter_to_wire_cutter_option` DISABLE KEYS */;
/*!40000 ALTER TABLE `wire_cutter_to_wire_cutter_option` ENABLE KEYS */;
UNLOCK TABLES;

--
-- Temporary view structure for view `wire_cutter_with_options`
--

DROP TABLE IF EXISTS `wire_cutter_with_options`;
/*!50001 DROP VIEW IF EXISTS `wire_cutter_with_options`*/;
SET @saved_cs_client     = @@character_set_client;
/*!50503 SET character_set_client = utf8mb4 */;
/*!50001 CREATE VIEW `wire_cutter_with_options` AS SELECT 
 1 AS `wire_cutter_id`,
 1 AS `wire_cutter_name`,
 1 AS `max_wire_gauge_awg`,
 1 AS `processing_speed_feet_per_minute`,
 1 AS `details`,
 1 AS `wire_cutter_option_id`,
 1 AS `wire_cutter_option_name`,
 1 AS `wire_cutter_option_description`*/;
SET character_set_client = @saved_cs_client;

--
-- Final view structure for view `parent_child_product_relationship`
--

/*!50001 DROP VIEW IF EXISTS `parent_child_product_relationship`*/;
/*!50001 SET @saved_cs_client          = @@character_set_client */;
/*!50001 SET @saved_cs_results         = @@character_set_results */;
/*!50001 SET @saved_col_connection     = @@collation_connection */;
/*!50001 SET character_set_client      = utf8mb4 */;
/*!50001 SET character_set_results     = utf8mb4 */;
/*!50001 SET collation_connection      = utf8mb4_general_ci */;
/*!50001 CREATE ALGORITHM=UNDEFINED */
/*!50013 DEFINER=`root`@`%` SQL SECURITY DEFINER */
/*!50001 VIEW `parent_child_product_relationship` AS select `parent_product`.`id` AS `parent_product_id`,`parent_product`.`number` AS `parent_product_number`,`parent_product`.`description` AS `parent_product_description`,`parent_product`.`uom` AS `parent_product_uom`,`child_product`.`id` AS `child_product_id`,`child_product`.`number` AS `child_product_number`,`child_product`.`description` AS `child_product_description`,`child_product`.`uom` AS `child_product_uom` from ((`product` `parent_product` left join `parent_to_child_product` on((`parent_to_child_product`.`parent_product_id` = `parent_product`.`id`))) left join `product` `child_product` on((`parent_to_child_product`.`child_product_id` = `child_product`.`id`))) order by `parent_product`.`number` */;
/*!50001 SET character_set_client      = @saved_cs_client */;
/*!50001 SET character_set_results     = @saved_cs_results */;
/*!50001 SET collation_connection      = @saved_col_connection */;

--
-- Final view structure for view `sales_orders`
--

/*!50001 DROP VIEW IF EXISTS `sales_orders`*/;
/*!50001 SET @saved_cs_client          = @@character_set_client */;
/*!50001 SET @saved_cs_results         = @@character_set_results */;
/*!50001 SET @saved_col_connection     = @@collation_connection */;
/*!50001 SET character_set_client      = utf8mb4 */;
/*!50001 SET character_set_results     = utf8mb4 */;
/*!50001 SET collation_connection      = utf8mb4_general_ci */;
/*!50001 CREATE ALGORITHM=UNDEFINED */
/*!50013 DEFINER=`root`@`%` SQL SECURITY DEFINER */
/*!50001 VIEW `sales_orders` AS select `sales_order`.`id` AS `sales_order_id`,`sales_order_item`.`date_added` AS `date_added`,`sales_order_item`.`due_date` AS `due_date`,`sales_order`.`customer_name` AS `customer_name`,`sales_order`.`number` AS `sales_order_number`,`product`.`number` AS `product_number`,`product`.`description` AS `product_description`,`product`.`unit_price_dollars` AS `unit_price_dollars`,`product`.`uom` AS `product_uom`,`sales_order_item`.`qty_to_fulfill` AS `qty_to_fulfill`,`sales_order_item`.`qty_picked` AS `qty_picked`,`sales_order_item`.`qty_fulfilled` AS `qty_fulfilled`,((`sales_order_item`.`qty_to_fulfill` - `sales_order_item`.`qty_picked`) - `sales_order_item`.`qty_fulfilled`) AS `qty_left_to_ship`,`sales_order_item`.`cut_in_full` AS `cut_in_full` from ((`sales_order` join `sales_order_item` on((`sales_order`.`id` = `sales_order_item`.`sales_order_id`))) join `product` on((`sales_order_item`.`product_id` = `product`.`id`))) */;
/*!50001 SET character_set_client      = @saved_cs_client */;
/*!50001 SET character_set_results     = @saved_cs_results */;
/*!50001 SET collation_connection      = @saved_col_connection */;

--
-- Final view structure for view `so_items_to_cut`
--

/*!50001 DROP VIEW IF EXISTS `so_items_to_cut`*/;
/*!50001 SET @saved_cs_client          = @@character_set_client */;
/*!50001 SET @saved_cs_results         = @@character_set_results */;
/*!50001 SET @saved_col_connection     = @@collation_connection */;
/*!50001 SET character_set_client      = utf8mb4 */;
/*!50001 SET character_set_results     = utf8mb4 */;
/*!50001 SET collation_connection      = utf8mb4_general_ci */;
/*!50001 CREATE ALGORITHM=UNDEFINED */
/*!50013 DEFINER=`root`@`%` SQL SECURITY DEFINER */
/*!50001 VIEW `so_items_to_cut` AS select `sales_order_item`.`id` AS `so_id`,date_format(`sales_order_item`.`due_date`,'%c-%e-%Y') AS `so_item_due_date`,`sales_order`.`customer_name` AS `customer_name`,`sales_order`.`number` AS `so_number`,`product`.`number` AS `product_number`,`product`.`description` AS `description`,`product`.`unit_price_dollars` AS `unit_price`,(trim(((`sales_order_item`.`qty_to_fulfill` - `sales_order_item`.`qty_fulfilled`) - `sales_order_item`.`qty_picked`)) + 0) AS `qty_left_to_ship`,`product`.`uom` AS `uom`,`sales_order_item`.`line_number` AS `line_number`,`product`.`kit_flag` AS `is_child_item`,`sales_order_item`.`cut_in_full` AS `fully_cut`,`parent_product`.`number` AS `parent_number`,`parent_product`.`description` AS `parent_description` from ((((`sales_order` join `sales_order_item` on((`sales_order_item`.`sales_order_id` = `sales_order`.`id`))) join `product` on((`sales_order_item`.`product_id` = `product`.`id`))) left join `parent_to_child_product` on((`parent_to_child_product`.`child_product_id` = `product`.`id`))) left join `product` `parent_product` on((`parent_to_child_product`.`parent_product_id` = `parent_product`.`id`))) order by `product`.`number`,`sales_order_item`.`due_date` */;
/*!50001 SET character_set_client      = @saved_cs_client */;
/*!50001 SET character_set_results     = @saved_cs_results */;
/*!50001 SET collation_connection      = @saved_col_connection */;

--
-- Final view structure for view `wire_cutter_with_options`
--

/*!50001 DROP VIEW IF EXISTS `wire_cutter_with_options`*/;
/*!50001 SET @saved_cs_client          = @@character_set_client */;
/*!50001 SET @saved_cs_results         = @@character_set_results */;
/*!50001 SET @saved_col_connection     = @@collation_connection */;
/*!50001 SET character_set_client      = utf8mb4 */;
/*!50001 SET character_set_results     = utf8mb4 */;
/*!50001 SET collation_connection      = utf8mb4_general_ci */;
/*!50001 CREATE ALGORITHM=UNDEFINED */
/*!50013 DEFINER=`root`@`%` SQL SECURITY DEFINER */
/*!50001 VIEW `wire_cutter_with_options` AS select `wire_cutter`.`id` AS `wire_cutter_id`,`wire_cutter`.`name` AS `wire_cutter_name`,`wire_cutter`.`max_wire_gauge_awg` AS `max_wire_gauge_awg`,`wire_cutter`.`processing_speed_feet_per_minute` AS `processing_speed_feet_per_minute`,`wire_cutter`.`details` AS `details`,`wire_cutter_option`.`id` AS `wire_cutter_option_id`,`wire_cutter_option`.`name` AS `wire_cutter_option_name`,`wire_cutter_option`.`description` AS `wire_cutter_option_description` from ((`wire_cutter` left join `wire_cutter_to_wire_cutter_option` on((`wire_cutter`.`id` = `wire_cutter_to_wire_cutter_option`.`wire_cutter_id`))) left join `wire_cutter_option` on(`wire_cutter_to_wire_cutter_option`.`wire_cutter_option_id`)) order by `wire_cutter`.`id` */;
/*!50001 SET character_set_client      = @saved_cs_client */;
/*!50001 SET character_set_results     = @saved_cs_results */;
/*!50001 SET collation_connection      = @saved_col_connection */;
/*!40103 SET TIME_ZONE=@OLD_TIME_ZONE */;

/*!40101 SET SQL_MODE=@OLD_SQL_MODE */;
/*!40014 SET FOREIGN_KEY_CHECKS=@OLD_FOREIGN_KEY_CHECKS */;
/*!40014 SET UNIQUE_CHECKS=@OLD_UNIQUE_CHECKS */;
/*!40101 SET CHARACTER_SET_CLIENT=@OLD_CHARACTER_SET_CLIENT */;
/*!40101 SET CHARACTER_SET_RESULTS=@OLD_CHARACTER_SET_RESULTS */;
/*!40101 SET COLLATION_CONNECTION=@OLD_COLLATION_CONNECTION */;
/*!40111 SET SQL_NOTES=@OLD_SQL_NOTES */;

-- Dump completed on 2021-08-24 11:19:38
